Name,Land,Wohnort,Geburtsort,F/M,Jahr,Leseplatz,Lesetag,Lesezeitpunkt,eingeladen von,Shortlist?,Preise,"Geburts-
jahrgang","Alter zum Zeitpunkt
der Teilnahme
(±1, Geburtsmonat
nicht berücksichtigt)","statuten-
konform",Kommentar,Lesetage im Jahr der Teilnahme,Teilnahme YYYY,Geburt YYYY,ID
Jasmin Ramadan,D,Hamburg,Hamburg,F,2020,1,1,ET,Philipp Tingler,,,1974,46,1,,3,2020,1974,JasminRamadan2020
Lisa Krusche,D,Braunschweig,Hildesheim,F,2020,2,1,,Klaus Kastberger,Shortlist,Deutschlandfunk,1990,30,1,,3,2020,1990,LisaKrusche2020
Leonhard Hieronymi,D,Hamburg,Bad Homburg,M,2020,3,1,VP,Michael Wiederstein,,,1987,33,1,,3,2020,1987,LeonhardHieronymi2020
Carolina Schutti,A,Innsbruck,Innsbruck,F,2020,4,1,NP,Brigitte Schwens-Harrant,,,1976,44,1,,3,2020,1976,CarolinaSchutti2020
Jörg Piringer,A,Wien,Wien,M,2020,5,1,LT,Nora Gomringer,,,1974,46,1,,3,2020,1974,JörgPiringer2020
Helga Schubert,D,Neu Meteln,Berlin,F,2020,6,2,ET,Insa Wilke,Shortlist,Bachmann,1940,80,1,,3,2020,1940,HelgaSchubert2020
Hanna Herbst,D/A,Köln,Mainz,F,2020,7,2,,Insa Wilke,Shortlist,,1990,30,1,,3,2020,1990,HannaHerbst2020
Egon Christian Leitner,A,Graz,Graz,M,2020,8,2,VP,Klaus Kastberger,Shortlist,kelag,1961,59,1,,3,2020,1961,EgonChristianLeitner2020
Matthias Senkel,D,Leipzig,Greiz,M,2020,9,2,NP,Hubert Winkels,Shortlist,,1977,43,1,,3,2020,1977,MatthiasSenkel2020
Levin Westermann,D/CH,Biel/Bienne,Meerbusch,M,2020,10,2,LT,Hubert Winkels,Shortlist,,1980,40,1,,3,2020,1980,LevinWestermann2020
Lydia Haider,A,Wien,Steyr,F,2020,11,3,ET,Nora Gomringer,,Publikum,1985,35,1,,3,2020,1985,LydiaHaider2020
Laura Freudenthaler,A,Wien,Salzburg,F,2020,12,3,VP,Brigitte Schwens-Harrant,Shortlist,3sat,1984,36,1,,3,2020,1984,LauraFreudenthaler2020
Katja Schönherr,D,bei Zürich,Marienberg (Sachsen),F,2020,13,3,NP,Philipp Tingler,,,1982,38,1,,3,2020,1982,KatjaSchönherr2020
Meral Kureyshi,CH,Bern,Prizren,F,2020,14,3,LT,Michael Wiederstein,,,1983,37,1,,3,2020,1983,MeralKureyshi2020
Katharina Schultens,D,Berlin,Kirchen (Rheinland-Pfalz),F,2019,1,1,ET,Insa Wilke,,,1980,39,1,,3,2019,1980,KatharinaSchultens2019
Sarah Wipauer,A,Wien,Wien,F,2019,2,1,,Klaus Kastberger,Shortlist,,1986,33,1,,3,2019,1986,SarahWipauer2019
Silvia Tschui,CH,Zürich,Zürich,F,2019,3,1,VP,Nora Gomringer,,,1974,45,1,,3,2019,1974,SilviaTschui2019
Julia Jost,A,Hamburg,St. Veit an der Glan,F,2019,4,1,NP,Klaus Kastberger,Shortlist,kelag,1982,37,1,,3,2019,1982,JuliaJost2019
Andrea Gerster,CH,Freidorf TG,Schaffhausen,F,2019,5,1,LT,Hildegard Keller,,,1959,60,1,,3,2019,1959,AndreaGerster2019
Yannic Han Biao Federer,D,Köln,Breisach am Rhein,M,2019,6,2,,Hildegard Keller,Shortlist,3sat,1986,33,1,,3,2019,1986,YannicHanBiaoFederer2019
Ronya Othmann,D,Leipzig,München,F,2019,7,2,ET,Insa Wilke,Shortlist,Publikum,1993,26,1,,3,2019,1993,RonyaOthmann2019
Birgit Birnbacher,A,Salzburg,Schwarzach,F,2019,8,2,,Stefan Gmünder,Shortlist,Bachmann,1985,34,1,,3,2019,1985,BirgitBirnbacher2019
Daniel Heitzler,D,Berlin,Germersheim,M,2019,9,2,VP,Hubert Winkels,Shortlist,,1996,23,1,,3,2019,1996,DanielHeitzler2019
Tom Kummer,CH,Bern,Bern,M,2019,10,2,NP,Michael Wiederstein,,,1961,58,1,,3,2019,1961,TomKummer2019
Ines Birkhan,A,Wien,Wien,F,2019,11,3,LT,Nora Gomringer,,,1974,45,1,,3,2019,1974,InesBirkhan2019
Leander Fischer,A,Hannover,Vöcklabruck,M,2019,12,3,ET,Hubert Winkels,Shortlist,Deutschlandfunk,1992,27,1,,3,2019,1992,LeanderFischer2019
Lukas Meschik,A,Wien,Wien,M,2019,13,3,,Stefan Gmünder,,,1988,31,1,,3,2019,1988,LukasMeschik2019
Martin Beyer,D,Bamberg,Frankfurt am Main,M,2019,14,3,LT,Michael Wiederstein,,,1976,43,1,,3,2019,1976,MartinBeyer2019
Raphaela Edelbauer,A,Wien,Wien,F,2018,1,1,ET,Klaus Kastberger,Shortlist,Publikum,1990,28,1,,3,2018,1990,RaphaelaEdelbauer2018
Martina Clavadetscher,CH,Brunnen / Luzern,Zug,F,2018,2,1,,Hildegard Keller,,,1979,39,1,,3,2018,1979,MartinaClavadetscher2018
Stephan Lohse,D,Berlin,Hamburg,M,2018,3,1,VP,Hubert Winkels,,,1964,54,1,,3,2018,1964,StephanLohse2018
Anna Stern,CH,Zürich,Rorschach,F,2018,4,1,NP,Hildegard Keller,Shortlist,3sat,1990,28,1,,3,2018,1990,AnnaStern2018
Joshua Groß,D,Nürnberg,Grünsberg (Bayern),M,2018,5,1,LT,Insa Wilke,Shortlist,,1989,29,1,,3,2018,1989,JoshuaGroß2018
Corinna T. Sievers,CH,Herrliberg,Fehmarn,F,2018,6,2,ET,Nora Gomringer,,,1965,53,1,,3,2018,1965,CorinnaTSievers2018
Ally Klein,D,Berlin,Berlin,F,2018,7,2,,Michael Wiederstein,Shortlist,,1984,34,1,,3,2018,1984,AllyKlein2018
Tanja Maljartschuk,UA,Wien,Iwano-Frankiwsk,F,2018,8,2,VP,Stefan Gmünder,Shortlist,Bachmann,1983,35,1,,3,2018,1983,TanjaMaljartschuk2018
Bov Bjerg,D,Berlin,Heiningen,M,2018,9,2,NP,Klaus Kastberger,Shortlist,Deutschlandfunk,1965,53,1,,3,2018,1965,BovBjerg2018
Anselm Neft,D,Hamburg,Bonn,M,2018,10,2,LT,Nora Gomringer,,,1973,45,1,,3,2018,1973,AnselmNeft2018
Jakob Nolte,D,Hamburg,Gehrden,M,2018,11,3,ET,Hubert Winkels,,,1988,30,1,,3,2018,1988,JakobNolte2018
Stephan Groetzner,D,Berlin,Hamburg,M,2018,12,3,VP,Stefan Gmünder,,,1965,53,1,,3,2018,1965,StephanGroetzner2018
Özlem Özgül Dündar,D,Leipzig / Solingen,Solingen,F,2018,13,3,NP,Insa Wilke,Shortlist,kelag,1983,35,1,,3,2018,1983,ÖzlemÖzgülDündar2018
Lennardt Loß,D,Frankfurt / Main,Braunschweig,M,2018,14,3,LT,Michael Wiederstein,,,1992,26,1,,3,2018,1992,LennardtLoß2018
Karin Peschka,A,Wien,Linz,F,2017,1,1,ET,Stefan Gmünder,,Publikum,1967,50,1,,3,2017,1967,KarinPeschka2017
Björn Treber,A,Graz,Klagenfurt,M,2017,2,1,,Stefan Gmünder,,,1992,25,1,,3,2017,1992,BjörnTreber2017
John Wray,USA/A,Brooklyn,Washington DC,M,2017,3,1,VP,Sandra Kegel,Shortlist,Deutschlandfunk,1971,46,1,,3,2017,1971,JohnWray2017
Noemi Schneider,D,Weiler im Allgäu / München,München,F,2017,4,1,NP,Hubert Winkels,,,1982,35,1,,3,2017,1982,NoemiSchneider2017
Daniel Goetsch,CH/F,Berlin,Zürich,M,2017,5,1,LT,Hildegard Keller,,,1968,49,1,,3,2017,1968,DanielGoetsch2017
Ferdinand Schmalz,A,Wien,Graz,M,2017,6,2,ET,Sandra Kegel,Shortlist,Bachmann,1985,32,1,,3,2017,1985,FerdinandSchmalz2017
Barbi Markovic,SRB,Wien,Belgrad,F,2017,7,2,,Klaus Kastberger,Shortlist,,1980,37,1,,3,2017,1980,BarbiMarkovic2017
Verena Dürr,A,Wien,Wien,F,2017,8,2,VP,Klaus Kastberger,,,1982,35,1,,3,2017,1982,VerenaDürr2017
Jackie Thomae,D,Berlin,Halle / Saale,F,2017,9,2,NP,Hubert Winkels,Shortlist,,1972,45,1,,3,2017,1972,JackieThomae2017
Jörg-Uwe Albig,D,Berlin,Bremen,M,2017,10,2,LT,Meike Feßmann,,,1960,57,1,,3,2017,1960,JörgUweAlbig2017
Eckhart Nickel,D,Frankfurt / Main,Frankfurt / Main,M,2017,11,3,ET,Michael Wiederstein,Shortlist,kelag,1966,51,1,,3,2017,1966,EckhartNickel2017
Gianna Molinari,CH,Zürich,Basel,F,2017,12,3,,Hildegard Keller,Shortlist,3sat,1988,29,1,,3,2017,1988,GiannaMolinari2017
Maxi Obexer,I,Berlin,Brixen,F,2017,13,3,,Meike Feßmann,,,1970,47,1,,3,2017,1970,MaxiObexer2017
Urs Mannhart,CH,Madiswil,Rohrbach,M,2017,14,3,LT,Michael Wiederstein,Shortlist,,1975,42,1,,3,2017,1975,UrsMannhart2017
Stefanie Sargnagel,A,Wien,Wien,F,2016,1,1,ET,Sandra Kegel,,Publikum,1986,30,1,,3,2016,1986,StefanieSargnagel2016
Sascha Macht,D,Leipzig,Frankfurt / Oder,M,2016,2,1,,Hildegard Keller,,,1986,30,1,,3,2016,1986,SaschaMacht2016
Marko Dinić,SRB,Salzburg,Wien,M,2016,3,1,VP,Klaus Kastberger,Shortlist,,1988,28,1,,3,2016,1988,MarkoDinić2016
Bastian Schneider,D,Köln/Wien,Siegen,M,2016,4,1,NP,Stefan Gmünder,,,1981,35,1,,3,2016,1981,BastianSchneider2016
Selim Özdogan,TUR,Köln,Köln,M,2016,5,1,LT,Stefan Gmünder,Shortlist,,1971,45,1,,3,2016,1971,SelimÖzdogan2016
Julia Wolf,D,Berlin,Groß-Gerau,F,2016,6,2,ET,Hubert Winkels,Shortlist,3sat,1980,36,1,,3,2016,1980,JuliaWolf2016
Jan Snela,D,Tübingen,München,M,2016,7,2,,Meike Feßmann,Shortlist,,1981,35,1,,3,2016,1981,JanSnela2016
Isabelle Lehn,D,Leipzig,Bonn,F,2016,8,2,VP,Meike Feßmann,Shortlist,,1979,37,1,,3,2016,1979,IsabelleLehn2016
Tomer Gardi,ISR,Tel Aviv,Kibbuz Dan,M,2016,9,2,NP,Klaus Kastberger,,,1974,42,1,,3,2016,1974,TomerGardi2016
Sylvie Schenk,D,Aachen/La Roche de Rame-Hautes Alpes (FRA),Chambéry,F,2016,10,2,LT,Hubert Winkels,,,1944,72,1,,3,2016,1944,SylvieSchenk2016
Ada Dorian,D,Osnabrück,Hannover,F,2016,11,3,ET,Hildegard Keller,,,1981,35,1,,3,2016,1981,AdaDorian2016
Sharon Dodua Otoo,GB,Berlin,London,F,2016,12,3,,Sandra Kegel,Shortlist,Bachmann,1972,44,1,,3,2016,1972,SharonDoduaOtoo2016
Astrid Sozio,D,Hamburg,Hagen,F,2016,13,3,,Juri Steiner,,,1979,37,1,,3,2016,1979,AstridSozio2016
Dieter Zwicky,CH,Zürich/Uster,Zürich,M,2016,14,3,LT,Juri Steiner,Shortlist,kelag,1957,59,1,,3,2016,1957,DieterZwicky2016
Katerina Poladjan,D/RUS,Berlin,Moskau (SU),F,2015,1,1,ET,Meike Feßmann,,,1971,44,1,,3,2015,1971,KaterinaPoladjan2015
Nora Gomringer,D/CH,Bamberg,Neunkirchen an der Saar,F,2015,2,1,,Sandra Kegel,Shortlist,Bachmann,1980,35,1,,3,2015,1980,NoraGomringer2015
Saskia Hennig von Lange,D,Frankfurt,Hanau,F,2015,3,1,VP,Sandra Kegel,,,1976,39,1,,3,2015,1976,SaskiaHennigvonLange2015
Sven Recker,D,Berlin,Bühl (Baden),M,2015,4,1,NP,Meike Feßmann,,,1973,42,1,,3,2015,1973,SvenRecker2015
Valerie Fritsch,A,Graz,Graz,F,2015,5,1,LT,Klaus Kastberger,Shortlist ,"kelag, Publikum ",1989,26,1,,3,2015,1989,ValerieFritsch2015
Peter Truschner,A/D,Berlin,Klagenfurt,M,2015,6,2,ET,Stefan Gmünder,,,1967,48,1,,3,2015,1967,PeterTruschner2015
FALKNER,A,Wien,Kollerschlag,F,2015,7,2,,Klaus Kastberger,,,1970,45,1,,3,2015,1970,FALKNER2015
Tim Krohn,D/CH,Zürich,Wiedenbrück,M,2015,8,2,VP,Juri Steiner,,,1965,50,1,,3,2015,1965,TimKrohn2015
Monique Schwitter,CH/D,Hamburg,Zürich,F,2015,9,2,NP,Hildegard Keller,Shortlist ,,1972,43,1,,3,2015,1972,MoniqueSchwitter2015
Ronja von Rönne,D,Berlin,Berlin,F,2015,10,2,LT,Hubert Winkels,,,1992,23,1,,3,2015,1992,RonjavonRönne2015
Jürg Halter,CH,Bern,Bern,M,2015,11,3,ET,Juri Steiner,Shortlist ,,1980,35,1,,3,2015,1980,JürgHalter2015
Anna Baar,A,Klagenfurt,Zagreb (YU),F,2015,12,3,,Stefan Gmünder,Shortlist ,,1973,42,1,,3,2015,1973,AnnaBaar2015
Teresa Präauer,A,Wien,Linz,F,2015,13,3,,Hubert Winkels,Shortlist ,,1979,36,1,,3,2015,1979,TeresaPräauer2015
Dana Grigorcea,CH/ROM,Zürich,Bukarest (ROM),F,2015,14,3,LT,Hildegard Keller,Shortlist ,3sat,1979,36,1,,3,2015,1979,DanaGrigorcea2015
Roman Marchel,A,Südl. Waldviertel,Graz,M,2014,1,1,ET,Arno Dusini,Shortlist,,1974,40,1,,3,2014,1974,RomanMarchel2014
Kerstin Preiwuß,D,Leipzig,Lübz,F,2014,2,1,,Meike Feßmann,,,1980,34,1,,3,2014,1980,KerstinPreiwuß2014
Tobias Sommer,D,Bad Segeberg,Bad Segeberg,M,2014,3,1,VP,Juri Steiner,,,1978,36,1,,3,2014,1978,TobiasSommer2014
Gertraud Klemm,A,Pfaffstätten,Wien,F,2014,4,1,NP,Hubert Winkels,Shortlist,Publikum,1971,43,1,,3,2014,1971,GertraudKlemm2014
Olga Flor,A,Graz,Wien,F,2014,5,1,LT,Daniela Strigl,,,1968,46,1,,3,2014,1968,OlgaFlor2014
Anne-Kathrin Heier,D,Berlin,Werne,F,2014,6,2,ET,Burkhard Spinnen,Shortlist,,1977,37,1,,3,2014,1977,AnneKathrinHeier2014
Birgit Pölzl,A,Graz,Graz,F,2014,7,2,,Arno Dusini,,,1959,55,1,,3,2014,1959,BirgitPölzl2014
Senthuran Varatharajah,D,Berlin,Jaffna (LK),M,2014,8,2,VP,Meike Feßmann,Shortlist,3sat,1984,30,1,,3,2014,1984,SenthuranVaratharajah2014
Michael Fehr,CH,Bern,Gümligen,M,2014,9,2,NP,Juri Steiner,Shortlist,"kelag, ALK",1982,32,1,,3,2014,1982,MichaelFehr2014
Romana Ganzoni,CH,Celerina,Scuol,F,2014,10,2,LT,Hildegard Keller,,,1967,47,1,,3,2014,1967,RomanaGanzoni2014
Katharina Gericke,D,Berlin,Kyritz,F,2014,11,3,ET,Burkhard Spinnen,Shortlist,Ernst Willner,1966,48,1,,3,2014,1966,KatharinaGericke2014
Tex Rubinowitz,A/D,Wien,Hannover,M,2014,12,3,,Daniela Strigl,Shortlist,Bachmann,1961,53,1,,3,2014,1961,TexRubinowitz2014
Georg Petz,A,Graz,Wien,M,2014,13,3,LL,Hildegard Keller,,,1977,37,1,,3,2014,1977,GeorgPetz2014
Karen Köhler,D,Hamburg,Hamburg,F,2014,,,,Hubert Winkels ,,,1974,40,0,wegen Krankheit nicht teilgenommen,3,2014,1974,KarenKöhler2014
Larissa Boehning,D,Berlin,Wiesbaden,F,2013,1,1,ET,Meike Feßmann,Shortlist,,1971,42,1,,3,2013,1971,LarissaBoehning2013
Joachim Meyerhoff,D,Wien,Hamburg,M,2013,2,1,,Hildegard Keller,Shortlist,,1967,46,1,,3,2013,1967,JoachimMeyerhoff2013
Nadine Kegele,A,Wien,Bludenz,F,2013,3,1,VP,Burkhard Spinnen,,Publikum,1980,33,1,,3,2013,1980,NadineKegele2013
Verena Güntner,D,Berlin,Ulm,F,2013,4,1,NP,Paul Jandl,Shortlist,kelag,1978,35,1,,3,2013,1978,VerenaGüntner2013
Anousch Mueller,D,Berlin,Erfurt,F,2013,5,1,LT,Meike Feßmann,,,1979,34,1,,3,2013,1979,AnouschMueller2013
Zé do Rock,D,München,Porto Alegre (BR),M,2013,6,2,ET,Burkhard Spinnen,,,1956,57,1,,3,2013,1956,ZédoRock2013
Cordula Simon,A,Odessa,Graz,F,2013,7,2,,Daniela Strigl,,,1986,27,1,,3,2013,1986,CordulaSimon2013
Heinz Helle,CH,Biel,München,M,2013,8,2,VP,Daniela Strigl,Shortlist,Ernst Willner,1978,35,1,,3,2013,1978,HeinzHelle2013
Philipp Schönthaler,D,Konstanz,Stuttgart,M,2013,9,2,NP,Hubert Winkels,,,1976,37,1,,3,2013,1976,PhilippSchönthaler2013
Katja Petrowskaja,D,Berlin,Kiew (SU),F,2013,10,2,LT,Hildegard Keller,Shortlist,Bachmann,1970,43,1,,3,2013,1970,KatjaPetrowskaja2013
Hannah Dübgen,D,Berlin,Düsseldorf,F,2013,11,3,ET,Juri Steiner,,,1977,36,1,,3,2013,1977,HannahDübgen2013
Roman Ehrlich,D,Berlin,Aichach,M,2013,12,3,,Paul Jandl,Shortlist,ALK,1983,30,1,,3,2013,1983,RomanEhrlich2013
Benjamin Maack,D,Hamburg,Winsen an der Luhe,M,2013,13,3,,Hubert Winkels,Shortlist,3sat,1978,35,1,,3,2013,1978,BenjaminMaack2013
Nikola Anne Mehlhorn,D,Heidgraben,Hannover,F,2013,14,3,LT,Juri Steiner,,,1967,46,1,,3,2013,1967,NikolaAnneMehlhorn2013
Stefan Moster,D,Finnland,Mainz,M,2012,1,1,ET,Burkhard Spinnen,Shortlist,,1964,48,1,,3,2012,1964,StefanMoster2012
Hugo Ramnek,,Zürich,Klagenfurt,M,2012,2,1,,Hildegard Keller,,,1960,52,1,,3,2012,1960,HugoRamnek2012
Mirjam Richner,,Unterentfelden,Gränichen,F,2012,3,1,VP,Meike Feßmann,,,1988,24,1,,3,2012,1988,MirjamRichner2012
Andreas Stichmann,D,Hamburg,Bonn,M,2012,4,1,NP,Meike Feßmann,Shortlist,,1983,29,1,,3,2012,1983,AndreasStichmann2012
Sabine Hassinger,,Berlin,Bad Kreuznach,F,2012,5,1,LT,Daniela Strigl,,,1958,54,1,,3,2012,1958,SabineHassinger2012
Inger-Maria Mahlke,D,Berlin,Lübeck,F,2012,6,2,ET,Burkhard Spinnen,Shortlist,Ernst Willner,1977,35,1,,3,2012,1977,IngerMariaMahlke2012
Cornelia Travnicek,A,Traismauer,St. Pölten,F,2012,7,2,,Hubert Winkels,,Publikum,1987,25,1,,3,2012,1987,CorneliaTravnicek2012
Olga Martynova,D,Frankfurt,Dudinka,F,2012,8,2,VP,Paul Jandl,Shortlist,Bachmann,1962,50,1,,3,2012,1962,OlgaMartynova2012
Lisa Kränzler,D,Freiburg,Ravensburg,F,2012,9,2,NP,Hubert Winkels,Shortlist,3sat,1983,29,1,,3,2012,1983,LisaKränzler2012
Simon Froehling,,Zürich,Brugg,M,2012,10,2,LT,Corinna Caduff,,,1978,34,1,,3,2012,1978,SimonFroehling2012
Matthias Nawrat,D,Biel/Bamberg,Polen,M,2012,11,3,ET,Hildegard Keller,Shortlist,"kelag, ALK",1979,33,1,,3,2012,1979,MatthiasNawrat2012
Matthias Senkel,D,Leipzig,"Greiz,",M,2012,12,3,,Paul Jandl,Shortlist,,1977,35,1,,3,2012,1977,MatthiasSenkel2012
Leopold Federmair,A,Hiroshima,Wels,M,2012,13,3,,Daniela Strigl,Shortlist,,1957,55,1,,3,2012,1957,LeopoldFedermair2012
Isabella Feimer,A,Wien,Mödling,F,2012,14,3,LT,Corinna Caduff,,,1976,36,1,,3,2012,1976,IsabellaFeimer2012
Gunther Geltinger,D,Köln,Erlenbach,M,2011,1,1,ET,Alain Claude Sulzer,Shortlist,,1974,37,1,,3,2011,1974,GuntherGeltinger2011
Maximilian Steinbeis,D,Berlin,München,M,2011,2,1,,Burkhard Spinnen,,,1970,41,1,,3,2011,1970,MaximilianSteinbeis2011
Daniel Wisser,A,Wien,Klagenfurt,M,2011,3,1,VP,Paul Jandl,,,1971,40,1,,3,2011,1971,DanielWisser2011
Anna Maria Praßler,D,Berlin,Lauingen,F,2011,4,1,NP,Burkhard Spinnen,,,1983,28,1,,3,2011,1983,AnnaMariaPraßler2011
Antonia Baum,D,Berlin,Borken,F,2011,5,1,LT,Hubert Winkels,,,1984,27,1,,3,2011,1984,AntoniaBaum2011
Linus Reichlin,D,Berlin,Aarau,M,2011,6,2,ET,Meike Feßmann,,ALK,1957,54,1,,3,2011,1957,LinusReichlin2011
Maja Haderlap,A,Klagenfurt,Bad Eisenkappel,F,2011,7,2,,Daniela Strigl,Shortlist,Bachmann,1961,50,1,,3,2011,1961,MajaHaderlap2011
Julya Rabinowich,A,Wien,St. Petersburg,F,2011,8,2,VP,Daniela Strigl,Shortlist,,1970,41,1,,3,2011,1970,JulyaRabinowich2011
Nina Bußmann,D,Berlin,Frankfurt,F,2011,9,2,NP,Paul Jandl,Shortlist,3sat,1980,31,1,,3,2011,1980,NinaBußmann2011
Steffen Popp,D,Berlin,Greifswald,M,2011,10,2,LT,Meike Feßmann,Shortlist,kelag,1978,33,1,,3,2011,1978,SteffenPopp2011
Leif Randt,D,Berlin,Frankfurt,M,2011,11,3,ET,Alain Claude Sulzer,Shortlist,Ernst Willner,1983,28,1,,3,2011,1983,LeifRandt2011
Anne Richter,D,Heidelberg,Jena,F,2011,12,3,,Hildegard Keller,,,1973,38,1,,3,2011,1973,AnneRichter2011
Michel Božiković,CH,Zürich,Zürich,M,2011,13,3,,Hildegard Keller,,,1971,40,1,,3,2011,1971,MichelBožiković2011
Thomas Klupp,D,Berlin,Erlangen,M,2011,14,3,LT,Hubert Winkels,Shortlist,Publikum,1977,34,1,,3,2011,1977,ThomasKlupp2011
Sabrina Janesch,D,Cottbus,Gifhorn,F,2010,1,1,ET,Alain Claude Sulzer,Shortlist,,1985,25,1,,3,2010,1985,SabrinaJanesch2010
Volker H. Altwasser,D,Rostock,Greifswald,M,2010,2,1,,Meike Feßmann,,,1969,41,1,,3,2010,1969,VolkerHAltwasser2010
Christopher Kloeble,D,Berlin,München,M,2010,3,1,VP,Alain Claude Sulzer,,,1982,28,1,,3,2010,1982,ChristopherKloeble2010
Daniel Mezger,CH,Zürich,Brugg,M,2010,4,1,NP,Burkhard Spinnen,,,1978,32,1,,3,2010,1978,DanielMezger2010
Dorothee Elmiger,CH,Berlin,Wetzikon,F,2010,5,1,LT,Paul Jandl,Shortlist,"ALK, kelag",1985,25,1,,3,2010,1985,DorotheeElmiger2010
Thomas Ballhausen,A,Wien,Wien,M,2010,6,2,ET,Karin Fleischanderl,,,1975,35,1,,3,2010,1975,ThomasBallhausen2010
Max Scharnigg,D,München,München,M,2010,7,2,,Hubert Winkels,,,1980,30,1,,3,2010,1980,MaxScharnigg2010
Aleks Scholz,D,Dublin (IRL),Gera,M,2010,8,2,VP,Hubert Winkels,Shortlist,Ernst Willner,1975,35,1,,3,2010,1975,AleksScholz2010
Judith Zander,D,Berlin,Anklam,F,2010,9,2,NP,Hildegard Keller,Shortlist,3sat,1980,30,1,,3,2010,1980,JudithZander2010
Josef Kleindienst,A,Wien,Spittal (Drau),M,2010,10,2,LT,Karin Fleischanderl,,,1972,38,1,,3,2010,1972,JosefKleindienst2010
Peter Wawerzinek,D,Berlin,Rostock,M,2010,11,3,ET,Meike Feßmann,Shortlist,"Bachmann, Publikum",1954,56,1,,3,2010,1954,PeterWawerzinek2010
Iris Schmidt,D,Düsseldorf,Hamm,F,2010,12,3,,Hildegard Keller,,,1967,43,1,,3,2010,1967,IrisSchmidt2010
Christian Fries,D,Münster,Duisburg,M,2010,13,3,,Paul Jandl,Shortlist,,1959,51,1,,3,2010,1959,ChristianFries2010
Verena Rossbacher,A,Berlin,Bludenz,F,2010,14,3,LT,Burkhard Spinnen,,,1979,31,1,,3,2010,1979,VerenaRossbacher2010
Lorenz Langenegger,CH,Zürich,Zürich,M,2009,1,1,ET,Alain Claude Sulzer,,,1980,29,1,,3,2009,1980,LorenzLangenegger2009
Philipp Weiss,A,Wien,Wien,M,2009,2,1,,Karin Fleischanderl,,,1982,27,1,,3,2009,1982,PhilippWeiss2009
Karsten Krampitz,D,Berlin,Rüdersdorf,M,2009,3,1,VP,Hildegard Keller,,Publikum,1969,40,1,,3,2009,1969,KarstenKrampitz2009
Bruno Preisendörfer,D,Berlin,Kleinostheim,M,2009,4,1,NP,Ijoma Mangold,,,1957,52,1,,3,2009,1957,BrunoPreisendörfer2009
Christiane Neudecker,D,Berlin,Nürnberg,F,2009,5,1,LT,Meike Feßmann,Shortlist,,1974,35,1,,3,2009,1974,ChristianeNeudecker2009
Linda Stift,A,Wien,Wagna,F,2009,6,2,ET,Karin Fleischanderl,,,1969,40,1,,3,2009,1969,LindaStift2009
Ralf Bönt,D,Berlin,Lich,M,2009,7,2,,Meike Feßmann,Shortlist,kelag,1963,46,1,,3,2009,1963,RalfBönt2009
Karl-Gustav Ruch,CH,Zürich/Barcelona,Zürich,M,2009,8,2,VP,Paul Jandl,,ALK,1954,55,1,,3,2009,1954,KarlGustavRuch2009
Jens Petersen,CH,Zürich,Pinneberg,M,2009,9,2,NP,Burkhard Spinnen,Shortlist,Bachmann,1976,33,1,,3,2009,1976,JensPetersen2009
Andreas Schäfer,D,Berlin,Hamburg,M,2009,10,2,LT,Alain Claude Sulzer,Shortlist,,1969,40,1,,3,2009,1969,AndreasSchäfer2009
Gregor Sander,D,Berlin,Schwerin,M,2009,11,3,ET,Hildegard Keller,Shortlist,3sat,1968,41,1,,3,2009,1968,GregorSander2009
Andrea Winkler,A,Wien,Freistadt,F,2009,12,3,,Paul Jandl,,,1972,37,1,,3,2009,1972,AndreaWinkler2009
Katharina Born,D,Berlin/Paris,Berlin,F,2009,13,3,,Ijoma Mangold,Shortlist,Ernst Willner,1973,36,1,,3,2009,1973,KatharinaBorn2009
Caterina Satanik,A,Höflein,Wien,F,2009,14,3,LT,Burkhard Spinnen,Shortlist,,1976,33,1,,3,2009,1976,CaterinaSatanik2009
Thorsten Palzhoff,D,Berlin,Wickede,M,2008,1,1,ET,Ijoma Mangold,,,1974,34,1,,2,2008,1974,ThorstenPalzhoff2008
Alina Bronsky,D,Frankfurt,Jekaterinburg (RUS),F,2008,2,1,,Ijoma Mangold,Shortlist,,1978,30,1,,2,2008,1978,AlinaBronsky2008
Clemens J. Setz,A,Graz,Graz,M,2008,3,1,,Daniela Strigl,Shortlist,Ernst Willner,1982,26,1,,2,2008,1982,ClemensJSetz2008
Angelika Reitzer,A,Wien,Graz,F,2008,4,1,,André Vladimir Heiz,,,1971,37,1,,2,2008,1971,AngelikaReitzer2008
Martin von Arndt,D,Stuttgart/Pécs,Ludwigsburg,M,2008,5,1,,Alain Claude Sulzer,,,1968,40,1,,2,2008,1968,MartinvonArndt2008
Patrick Findeis,D,Berlin,Heidenheim,M,2008,6,1,,Burkhard Spinnen,Shortlist,3sat,1975,33,1,,2,2008,1975,PatrickFindeis2008
Markus Orths,D,Karlsruhe,Viersen,M,2008,7,1,LT,Daniela Strigl,Shortlist,Telekom Austria,1969,39,1,,2,2008,1969,MarkusOrths2008
Heike Geißler,D,Leipzig,Riesa,F,2008,8,2,ET,Ursula März,,,1977,31,1,,2,2008,1977,HeikeGeißler2008
Sudabeh Mohafez,D,Stuttgart,Teheran (IRN),F,2008,9,2,,Klaus Nüchtern,Shortlist,,1963,45,1,,2,2008,1963,SudabehMohafez2008
Dagrun Hintze,D,Hamburg,Lübeck,F,2008,10,2,,Burkhard Spinnen,,,1971,37,1,,2,2008,1971,DagrunHintze2008
Pedro Lenz,CH,Bern,Langenthal,M,2008,11,2,,André Vladimir Heiz,,,1965,43,1,,2,2008,1965,PedroLenz2008
Ulf Erdmann Ziegler,D,Frankfurt,Neumünster,M,2008,12,2,,Alain Claude Sulzer,Shortlist,,1959,49,1,,2,2008,1959,UlfErdmannZiegler2008
Tilman Rammstedt,D,Berlin,Bielefeld,M,2008,13,2,,Ursula März,Shortlist,"Bachmann, Publikum, ALK",1975,33,1,,2,2008,1975,TilmanRammstedt2008
Anette Selg,D,Berlin,Tuttlingen,F,2008,14,2,LT,Klaus Nüchtern,,,1968,40,1,,2,2008,1968,AnetteSelg2008
Jagoda Marinič,D,Heidelberg,Waiblingen,F,2007,1,1,ET,Martin Ebel,,,1977,30,1,,3,2007,1977,JagodaMarinič2007
Christian Bernhardt,D,Köln,Köln,M,2007,2,1,,Klaus Nüchtern,,,1964,43,1,,3,2007,1964,ChristianBernhardt2007
Jochen Schmidt,D,Berlin,Berlin,M,2007,3,1,,Ursula März,Shortlist,,1970,37,1,,3,2007,1970,JochenSchmidt2007
Andrea Grill,A,Bologna,Bad Ischl,F,2007,4,1,,Daniela Strigl,,,1975,32,1,,3,2007,1975,AndreaGrill2007
Jörg Albrecht,D,Berlin,Bonn,M,2007,5,1,,Ilma Rakusa,,,1981,26,1,,3,2007,1981,JörgAlbrecht2007
Fridolin Schley,D,München,München,M,2007,6,1,,Ijoma Mangold,,,1976,31,1,,3,2007,1976,FridolinSchley2007
Lutz Seiler,D,Berlin,Gera,M,2007,7,1,LT,Ilma Rakusa,Shortlist,Bachmann,1963,44,1,,3,2007,1963,LutzSeiler2007
Silke Scheuermann,D,Frankfurt,Karlsruhe,F,2007,8,2,ET,Ursula März,Shortlist,,1973,34,1,,3,2007,1973,SilkeScheuermann2007
Ronald Reng,D,Barcelona,Frankfurt am Main,M,2007,9,2,,Martin Ebel,,,1970,37,1,,3,2007,1970,RonaldReng2007
Dieter Zwicky,CH,Uster,Mollis,M,2007,10,2,,André Vladimir Heiz,,,1957,50,1,,3,2007,1957,DieterZwicky2007
Michael Stavarič,A,Wien,Brno (CZ),M,2007,11,2,,Daniela Strigl,Shortlist,,1972,35,1,,3,2007,1972,MichaelStavarič2007
Milena Oda,CZ,Berlin,Jicín (CZ) ,F,2007,12,2,,André Vladimir Heiz,,,1975,32,1,,3,2007,1975,MilenaOda2007
Kurt Oesterle,D,Tübingen,Oberrot,M,2007,13,2,,Karl Corino,Shortlist,,1955,52,1,,3,2007,1955,KurtOesterle2007
PeterLicht,D,Berlin,,M,2007,14,2,LT,Iris Radisch,Shortlist,"3sat, Publikum",,,1,,3,2007,1900,PeterLicht2007
Jan Böttcher,D,Berlin,Lüneburg,M,2007,15,3,ET,Ijoma Mangold,Shortlist,Ernst Willner,1973,34,1,,3,2007,1973,JanBöttcher2007
Björn Kern,D,Schofheim,Lörrach,M,2007,16,3,,Karl Corino,,,1978,29,1,,3,2007,1978,BjörnKern2007
Thomas Stangl,A,Wien,Wien,M,2007,17,3,,Iris Radisch,Shortlist,Telekom Austria,1966,41,1,,3,2007,1966,ThomasStangl2007
Martin Becker,D,Berlin,Attendorn,M,2007,18,3,LT,Klaus Nüchtern,,,1982,25,1,,3,2007,1982,MartinBecker2007
Sigrid Behrens,D,Hamburg,Hamburg,F,2006,1,1,ET,,,,1976,30,1,,3,2006,1976,SigridBehrens2006
Bodo Hell,A,Wien,Salzburg,M,2006,2,1,,Ilma Rakusa,,Telekom Austria,1943,63,1,,3,2006,1943,BodoHell2006
Silvio Huonder,CH,Schwielowsee,Chur,M,2006,3,1,,Martin Ebel,,,1954,52,1,,3,2006,1954,SilvioHuonder2006
Clemens Meyer,D,Leipzig,Halle/Saale,M,2006,4,1,,Ursula März,,,1977,29,1,,3,2006,1977,ClemensMeyer2006
Angelika Overath,D,Tübingen,Karlsruhe,F,2006,5,1,,Ursula März,,Ernst Willner,1957,49,1,,3,2006,1957,AngelikaOverath2006
Kevin Vennemann,D,Berlin,Dorsten,M,2006,6,1,,Ilma Rakusa,,,1977,29,1,,3,2006,1977,KevinVennemann2006
Andreas Merkel,D,Berlin,Rendsburg,M,2006,7,1,LT,Klaus Nüchtern,,,1970,36,1,,3,2006,1970,AndreasMerkel2006
Claudia Klischat,D,Leipzig,Wolfratshausen,F,2006,8,2,ET,Heinrich Detering,,,1970,36,1,,3,2006,1970,ClaudiaKlischat2006
Thomas Melle,D,Berlin,Bonn,M,2006,9,2,,Burkhard Spinnen,,,1975,31,1,,3,2006,1975,ThomasMelle2006
Dirk von Petersdorff,D,Saarbrücken,Kiel,M,2006,10,2,,Heinrich Detering,,,1966,40,1,,3,2006,1966,DirkvonPetersdorff2006
Paul Brodowsky,D,Berlin,Kiel,M,2006,11,2,,Iris Radisch,,,1980,26,1,,3,2006,1980,PaulBrodowsky2006
Annette Mingels,CH,Zürich,Köln,F,2006,12,2,,Martin Ebel,,,1971,35,1,,3,2006,1971,AnnetteMingels2006
Hanno Millesi,A,Wien,Wien,M,2006,13,2,,Daniela Strigl,,,1966,40,1,,3,2006,1966,HannoMillesi2006
Norbert Scheuer,D,Kall,Prüm,M,2006,14,2,LT,Iris Radisch,,3sat,1951,55,1,,3,2006,1951,NorbertScheuer2006
Katja Huber,D,München,Weilheim,F,2006,15,3,ET,,,,1971,35,1,,3,2006,1971,KatjaHuber2006
Kathrin Passig,D,Berlin,Deggendorf,F,2006,16,3,,Daniela Strigl,,"Bachmann, Publikum",1970,36,1,,3,2006,1970,KathrinPassig2006
Kai Weyand,D,Freiburg,Freiburg im Breisgau,M,2006,17,3,,Norbert Miller,,,1968,38,1,,3,2006,1968,KaiWeyand2006
Ina Strelow,D,Berlin,Berlin,F,2006,18,3,LT,Burkhard Spinnen,,,1958,48,1,,3,2006,1958,InaStrelow2006
Nikolai Vogel,D,München,München,M,2005,1,1,ET,Norbert Miller,Shortlist,,1971,34,1,,3,2005,1971,NikolaiVogel2005
Julia Schoch,D,Potsdam,Bad Saarow,F,2005,2,1,,Iris Radisch,Shortlist,Jury,1974,31,1,,3,2005,1974,JuliaSchoch2005
Susanne Heinrich,D,Leipzig,Leipzig,F,2005,3,1,,Heinrich Detering,Shortlist,,1985,20,1,,3,2005,1985,SusanneHeinrich2005
Saša Stanišić,D,Leipzig,Višegrad (YU),M,2005,4,1,,Ilma Rakusa,Shortlist,Publikum,1978,27,1,,3,2005,1978,SašaStanišić2005
Kristof Magnusson,D,Berlin,Hamburg,M,2005,5,1,,Klaus Nüchtern,Shortlist,,1976,29,1,,3,2005,1976,KristofMagnusson2005
Helmut Kuhn,D,Berlin,München,M,2005,6,1,,Norbert Miller,,,1962,43,1,,3,2005,1962,HelmutKuhn2005
Natalie Balkow,D,Mönchengladbach,Köln,F,2005,7,1,LT,Klaus Nüchtern,Shortlist,Ernst Willner,1968,37,1,,3,2005,1968,NatalieBalkow2005
Christoph Simon,CH,Bern,Langnau,M,2005,8,2,ET,Martin Ebel,,,1972,33,1,,3,2005,1972,ChristophSimon2005
Martina Hefter,D,Leipzig,Pfronten,F,2005,9,2,,Ursula März,Shortlist,,1965,40,1,,3,2005,1965,MartinaHefter2005
Gerhild Steinbuch,A,Graz,Mödling,F,2005,10,2,,Daniela Strigl,,,1983,22,1,,3,2005,1983,GerhildSteinbuch2005
Barbara Bongartz,D,Berlin,Köln,F,2005,11,2,,Ilma Rakusa,,,1957,48,1,,3,2005,1957,BarbaraBongartz2005
Anne Weber,D,Strasbourg,Offenbach,F,2005,12,2,,Ursula März,Shortlist,3sat,1964,41,1,,3,2005,1964,AnneWeber2005
Anna Kim,A,Wien,Daejeon (KOR),F,2005,13,2,,Daniela Strigl,,,1977,28,1,,3,2005,1977,AnnaKim2005
Klaus Böldl,D,München,Passau,M,2005,14,2,LT,Heinrich Detering,,,1964,41,1,,3,2005,1964,KlausBöldl2005
Thomas Lang,D,München,Nümbrecht,M,2005,15,3,ET,Burkhard Spinnen,Shortlist,Bachmann,1967,38,1,,3,2005,1967,ThomasLang2005
Sabine Schiffner,D,Köln,Bremen,F,2005,16,3,,Martin Ebel,,,1965,40,1,,3,2005,1965,SabineSchiffner2005
Eva von Schirach,D,Berlin,München,F,2005,17,3,LT,Iris Radisch,,,1968,37,1,,3,2005,1968,EvavonSchirach2005
Gabriele Petricek ,A,Wien,Krems,F,2005,,,,Burkhard Spinnen,,,1957,48,0,"disqualifiziert, Teile des Textes waren bereits veröffentlicht, http://archiv.bachmannpreis.orf.at/bachmannpreisv2/bachmannpreis/information/stories/42637/index.html",3,2005,1957,GabrielePetricek2005
Anna Katharina Hahn,D,Stuttgart,Ruit,F,2004,1,1,ET,Ursula März,,,1970,34,1,,3,2004,1970,AnnaKatharinaHahn2004
Wolfgang Herrndorf,D,Berlin,Hamburg,M,2004,2,1,,Klaus Nüchtern,,Publikum,1965,39,1,,3,2004,1965,WolfgangHerrndorf2004
Juli Zeh,D,Leipzig,Bonn,F,2004,3,1,,Iris Radisch,,,1974,30,1,,3,2004,1974,JuliZeh2004
Dorothea Dieckmann,D,Hamburg,Freiburg im Breisgau,F,2004,4,1,,Ursula März,,,1957,47,1,,3,2004,1957,DorotheaDieckmann2004
Simona Sabato,D,Berlin,Berlin,F,2004,5,1,,Burkhard Spinnen,,Ernst Willner,1964,40,1,,3,2004,1964,SimonaSabato2004
Sandra Hoffmann,D,Tübingen,Laupheim,F,2004,6,1,,Heinrich Detering,,,1967,37,1,,3,2004,1967,SandraHoffmann2004
Rolf Schönlau,D,Schlangen,Paderborn,M,2004,7,1,LT,Heinrich Detering,,,1950,54,1,,3,2004,1950,RolfSchönlau2004
Thomas Raab,A,Wien,Graz,M,2004,8,2,ET,Daniela Strigl,,,1968,36,1,,3,2004,1968,ThomasRaab2004
Richard David Precht,D,Köln,Solingen,M,2004,9,2,,Daniela Strigl,,,1964,40,1,,3,2004,1964,RichardDavidPrecht2004
Artur Becker,D,Verden (Aller),Bartoszyce (PL),M,2004,10,2,,Norbert Miller,,,1968,36,1,,3,2004,1968,ArturBecker2004
Andreas Münzner,D/CH,Hamburg,Mount Kisco (USA),M,2004,11,2,,Ilma Rakusa,,,1967,37,1,,3,2004,1967,AndreasMünzner2004
Uwe Tellkamp,D,München,Dresden,M,2004,12,2,,Ilma Rakusa,,Bachmann,1968,36,1,,3,2004,1968,UweTellkamp2004
Melinda Nadj Abonji,CH,Zürich,Bečej (YU),F,2004,13,2,,Martin Ebel,,,1968,36,1,,3,2004,1968,MelindaNadjAbonji2004
Arne Roß,D,Berlin,Hamburg,M,2004,14,2,LT,Burkhard Spinnen,,Jury,1966,38,1,,3,2004,1966,ArneRoß2004
Roswitha Haring,D,Köln,Leipzig,F,2004,15,3,ET,Martin Ebel,,,1960,44,1,,3,2004,1960,RoswithaHaring2004
Guy Helminger,D,Köln,Esch/Alzette (LUX),M,2004,16,3,,Iris Radisch,,3sat,1963,41,1,,3,2004,1963,GuyHelminger2004
Arno Geiger,A,Wien/Wolfurt,Bregenz,M,2004,17,3,,Norbert Miller,,,1968,36,1,,3,2004,1968,ArnoGeiger2004
Bettina Balàka,A,Wien,Salzburg,F,2004,18,3,LT,Klaus Nüchtern,,,1966,38,1,,3,2004,1966,BettinaBalàka2004
Farhad Showghi,D,Hamburg,Prag (CS),M,2003,1,1,ET,Ilma Rakusa,,3sat,1961,42,1,,3,2003,1961,FarhadShowghi2003
Norbert Müller,D,Berlin,Aachen,M,2003,2,1,,Josef Haslinger,,,1963,40,1,,3,2003,1963,NorbertMüller2003
Christina Griebel,D,Berlin/Frankfurt,Ulm,F,2003,3,1,,Burkhard Spinnen,,,1973,30,1,,3,2003,1973,ChristinaGriebel2003
Christine Rinderknecht,CH,Zürich,Nussbaumen,F,2003,4,1,VP,Daniela Strigl,,,1954,49,1,,3,2003,1954,ChristineRinderknecht2003
Katrin de Vries,D,Dollart,Dollart,F,2003,5,1,NP,Thomas Steinfeld,,,1959,44,1,,3,2003,1959,KatrindeVries2003
Susanne Fischer,D,Hohne,Hamburg,F,2003,6,1,,Friederike Kretzen,,,1960,43,1,,3,2003,1960,SusanneFischer2003
Henning Ahrens,D,Handorf,Peine,M,2003,7,1,LT,Thomas Steinfeld,,,1964,39,1,,3,2003,1964,HenningAhrens2003
Ulla Lenze,D,Köln,Mönchengladbach,F,2003,8,2,ET,Norbert Miller,,Ernst Willner,1973,30,1,,3,2003,1973,UllaLenze2003
Sünje Lewejohann,D,Berlin/Leipzig,Flensburg,F,2003,9,2,,Josef Haslinger,,,1972,31,1,,3,2003,1972,SünjeLewejohann2003
Feridun Zaimoglu,D,Kiel,Bolu (TR),M,2003,10,2,,Ursula März,,Jury,1964,39,1,,3,2003,1964,FeridunZaimoglu2003
Lukas Hammerstein,D,München,Freiburg im Breisgau,M,2003,11,2,VP,Iris Radisch,,,1958,45,1,,3,2003,1958,LukasHammerstein2003
Michael Stauffer,CH,Biel/Frauenfeld,Winterthur,M,2003,12,2,NP,Friederike Kretzen,,,1972,31,1,,3,2003,1972,MichaelStauffer2003
Kristof Schreuf,D,Frankfurt,Frankfurt am Main,M,2003,13,2,,Iris Radisch,,,1963,40,1,,3,2003,1963,KristofSchreuf2003
Gregor Hens,D,USA,Köln,M,2003,14,2,LT,Burkhard Spinnen,,,1965,38,1,,3,2003,1965,GregorHens2003
Olga Flor,A,Graz,Wien,F,2003,15,3,ET,Daniela Strigl,,,1968,35,1,,3,2003,1968,OlgaFlor2003
Christof Hamann,D,Wuppertal,Überlingen,M,2003,16,3,,Norbert Miller,,,1966,37,1,,3,2003,1966,ChristofHamann2003
Inka Parei,D,Berlin,Frankfurt am Main,F,2003,17,3,,Ursula März,,"Bachmann, Publikum",1967,36,1,,3,2003,1967,InkaParei2003
Oswald Egger,A,Wien/Hombroich,Tscherms,M,2003,18,3,LT,Ilma Rakusa,,,1963,40,1,,3,2003,1963,OswaldEgger2003
Jörg Matheis,D,Ingelheim,Altenglan-Mühlbach,M,2002,1,1,ET,Burkhard Spinnen,,,1970,32,1,,3,2002,1970,JörgMatheis2002
Nina Jäckle,D,Berlin,Schwenningen,F,2002,2,1,,Pia Reinacher,,,1966,36,1,,3,2002,1966,NinaJäckle2002
Markus Ramseier,CH,Pratteln,Pratteln,M,2002,3,1,,Thomas Widmer,,,1955,47,1,,3,2002,1955,MarkusRamseier2002
Heinz D. Heisl,A,Hall in Tirol,Innsbruck,M,2002,4,1,,Robert Schindel,,,1952,50,1,,3,2002,1952,HeinzDHeisl2002
Lukas Bärfuß,CH,Zürich,Thun,M,2002,5,1,,Thomas Widmer,,,1971,31,1,,3,2002,1971,LukasBärfuß2002
Mirko Bonné,D,Dassendorf,Tegernsee,M,2002,6,1,LT,Robert Schindel,,Ernst Willner,1965,37,1,,3,2002,1965,MirkoBonné2002
Peter Glaser,A,Berlin,Graz,M,2002,7,2,ET,Denis Scheck,,Bachmann,1957,45,1,,3,2002,1957,PeterGlaser2002
Christoph W. Bauer,A,Innsbruck,Kolbnitz,M,2002,8,2,,Robert Schindel,,"kelag, Publikum",1968,34,1,,3,2002,1968,ChristophWBauer2002
Daniel Zahno,CH,Basel,Basel,M,2002,9,2,,Thomas Widmer,,,1963,39,1,,3,2002,1963,DanielZahno2002
Roger Monnerat,CH,Basel,Basel,M,2002,10,2,,Birgit Vanderbeke,,,1949,53,1,,3,2002,1949,RogerMonnerat2002
Norbert Zähringer,D,Berlin,Stuttgart,M,2002,11,2,,Denis Scheck,,,1967,35,1,,3,2002,1967,NorbertZähringer2002
Annette Pehnt,D,Freiburg,Köln,F,2002,12,2,LT,Burkhard Spinnen,,Jury,1967,35,1,,3,2002,1967,AnnettePehnt2002
Elfriede Kern,A,Linz,Bruck an der Mur,F,2002,13,3,ET,Konstanze Fliedl,,,1950,52,1,,3,2002,1950,ElfriedeKern2002
Helga Glantschnig,A,Wien,Klagenfurt,F,2002,14,3,,Konstanze Fliedl,,,1958,44,1,,3,2002,1958,HelgaGlantschnig2002
Melanie Arns,D,Leipzig,Kleve,F,2002,15,3,,Birgit Vanderbeke,,,1980,22,1,,3,2002,1980,MelanieArns2002
Raphael Urweider,CH,Bern,Bern,M,2002,16,3,LT,Pia Reinacher,,3sat,1974,28,1,,3,2002,1974,RaphaelUrweider2002
Ludwig Laher,A,St. Pantaleon,,M,2001,1,1,ET,Konstanze Fliedl,,,1955,46,1,,3,2001,1955,LudwigLaher2001
Heiner Link,D,München,,M,2001,2,1,,Robert Schindel,,,1960,41,1,,3,2001,1960,HeinerLink2001
Antje Rávic Strubel,D,Berlin/Potsdam,,F,2001,3,1,,Denis Scheck,,Ernst Willner,1974,27,1,,3,2001,1974,AntjeRávicStrubel2001
Norbert Müller,D,Berlin,,M,2001,4,1,,Birgit Vanderbeke,,,1963,38,1,,3,2001,1963,NorbertMüller2001
Ute-Christine Krupp,D,Berlin/Köln,,F,2001,5,1,,Elisabeth Bronfen,,,1962,39,1,,3,2001,1962,UteChristineKrupp2001
Brigitte Schär,CH,Zürich,,F,2001,6,1,LT,Thomas Widmer,,,1958,43,1,,3,2001,1958,BrigitteSchär2001
Michael Lentz,D,München,,M,2001,7,2,ET,Burkhard Spinnen,,Bachmann,1964,37,1,,3,2001,1964,MichaelLentz2001
Annegret Held,D,Frankfurt,,F,2001,8,2,,Robert Schindel,,,1962,39,1,,3,2001,1962,AnnegretHeld2001
Tanja Langer,D,Berlin,,F,2001,9,2,,Elisabeth Bronfen,,,1962,39,1,,3,2001,1962,TanjaLanger2001
Robert Fischer,D,München,,M,2001,10,2,,Elisabeth Bronfen,,,1960,41,1,,3,2001,1960,RobertFischer2001
Jenny Erpenbeck,D,Berlin/Kumberg,,F,2001,11,2,,Konstanze Fliedl,,Jury,1967,34,1,,3,2001,1967,JennyErpenbeck2001
Ulrich Schlotmann,D,Berlin,,M,2001,12,2,LT,Denis Scheck,,,1962,39,1,,3,2001,1962,UlrichSchlotmann2001
Katrin Askan,D,Köln,,F,2001,13,3,ET,Konstanze Fliedl,,3sat,1966,35,1,,3,2001,1966,KatrinAskan2001
Artur Becker,D,Verden (Aller),,M,2001,14,3,,Birgit Vanderbeke,,,1968,33,1,,3,2001,1968,ArturBecker2001
Philipp Tingler,CH,Zürich,,M,2001,15,3,,Thomas Widmer,,,1970,31,1,,3,2001,1970,PhilippTingler2001
Rainer Merkel,D,Berlin,,M,2001,16,3,LT,Burkhard Spinnen,,,1964,37,1,,3,2001,1964,RainerMerkel2001
David Wagner,D,Berlin,,M,2000,1,1,ET,,,Stipendium,1971,29,1,,3,2000,1971,DavidWagner2000
Daniel Goetsch,CH,Zürich,,M,2000,2,1,,,,,1968,32,1,,3,2000,1968,DanielGoetsch2000
Julia Franck,D,Berlin,,F,2000,3,1,,,,3sat,1970,30,1,,3,2000,1970,JuliaFranck2000
Malin Schwerdtfeger,D,Berlin,,F,2000,4,1,,,,Stipendium,1972,28,1,,3,2000,1972,MalinSchwerdtfeger2000
Birgit Müller-Wieland,A,Berlin,,F,2000,5,1,,,,,1962,38,1,,3,2000,1962,BirgitMüllerWieland2000
Stephan Alfare,A,Wien,,M,2000,6,1,LT,,,,1966,34,1,,3,2000,1966,StephanAlfare2000
Georg Klein,D,Heinitzpolder,,M,2000,7,2,ET,,,Bachmann,1953,47,1,,3,2000,1953,GeorgKlein2000
Birgit Kempker,D/CH,Basel,,F,2000,8,2,,,,,1956,44,1,,3,2000,1956,BirgitKempker2000
Martin Amanshauser,A,Wien,,M,2000,9,2,,,,,1968,32,1,,3,2000,1968,MartinAmanshauser2000
Andreas Maier,D,Bad Nauheim,,M,2000,10,2,,,,Ernst Willner,1967,33,1,,3,2000,1967,AndreasMaier2000
Martina Kieninger,D,Montevideo,,F,2000,11,2,,,,,1966,34,1,,3,2000,1966,MartinaKieninger2000
Georg M. Oswald,D,München,,M,2000,12,2,LT,,,,1963,37,1,,3,2000,1963,GeorgMOswald2000
Susanne Riedel,D,Berlin,,F,2000,13,3,ET,Elisabeth Bronfen,,Jury,1959,41,1,,3,2000,1959,SusanneRiedel2000
Stephan Reimertz,D,Wien,,M,2000,14,3,,,,,1962,38,1,,3,2000,1962,StephanReimertz2000
Patrick Kokontis,CH,Seon,,M,2000,15,3,,,,,1964,36,1,,3,2000,1964,PatrickKokontis2000
Ulrike Draesner,D,Berlin,,F,2000,16,3,LT,,,,1962,38,1,,3,2000,1962,UlrikeDraesner2000
Katharina Hacker,D,Berlin,,F,1999,1,1,ET,,,,1967,32,1,,3,1999,1967,KatharinaHacker1999
Thomas Kapielski,D,Berlin,,M,1999,2,1,,,,,1951,48,1,,3,1999,1951,ThomasKapielski1999
Patricia Görg,D,Berlin,,F,1999,3,1,,,,Telecom-Stipendium,1960,39,1,,3,1999,1960,PatriciaGörg1999
Christian Uetz,CH,Langenthal,,M,1999,4,1,,,,3sat,1963,36,1,,3,1999,1963,ChristianUetz1999
Gudrun Seidenauer,A,Adnet,,F,1999,5,1,,,,,1965,34,1,,3,1999,1965,GudrunSeidenauer1999
Vladimir Vertlib,A,Salzburg,,M,1999,6,1,LT,,,,1971,28,1,,3,1999,1971,VladimirVertlib1999
Monika Helfer,A,Hohenems,,F,1999,7,2,ET,,,,1947,52,1,,3,1999,1947,MonikaHelfer1999
Thomas Jonigk,D,Berlin/Wien,,M,1999,8,2,,,,,1966,33,1,,3,1999,1966,ThomasJonigk1999
Terézia Mora,D,Berlin,,F,1999,9,2,,,,Bachmann,1971,28,1,,3,1999,1971,TeréziaMora1999
Ruth Erat,CH,Rheineck,,F,1999,10,2,,,,,1951,48,1,,3,1999,1951,RuthErat1999
Ursula Fricker,CH,Berlin,,F,1999,11,2,,,,,1965,34,1,,3,1999,1965,UrsulaFricker1999
Thor Kunkel,D,Amsterdam,,M,1999,12,2,LT,,,Ernst Willner,1963,36,1,,3,1999,1963,ThorKunkel1999
Peter Stamm,CH,Winterthur-Zürich,,M,1999,13,3,ET,,,,1963,36,1,,3,1999,1963,PeterStamm1999
Stefan Beuse,D,Hamburg,,M,1999,14,3,,,,Kärnten,1967,32,1,,3,1999,1967,StefanBeuse1999
Aglaja Veteranyi,CH,Zürich,,F,1999,15,3,,,,,1962,37,1,,3,1999,1962,AglajaVeteranyi1999
Christian Mähr,A,Dornbirn,,M,1999,16,3,LT,,,,1952,47,1,,3,1999,1952,ChristianMähr1999
Michael Lentz,D,München,,M,1998,1,1,ET,,,,1964,34,1,,3,1998,1964,MichaelLentz1998
Sibylle Severus,CH,Zürich,,F,1998,2,1,,,,,1937,61,1,,3,1998,1937,SibylleSeverus1998
Ralf Bönt,D,Berlin,,M,1998,3,1,,,,3sat,1963,35,1,,3,1998,1963,RalfBönt1998
Silvia Szymanski,D,Übach-Palenberg,,F,1998,4,1,,,,,1958,40,1,,3,1998,1958,SilviaSzymanski1998
John von Düffel,D,Karlsruhe,,M,1998,5,1,,,,Ernst Willner,1966,32,1,,3,1998,1966,JohnvonDüffel1998
Tim Staffel,D,Berlin,,M,1998,6,1,LT,,,,1965,33,1,,3,1998,1965,TimStaffel1998
Leander Scholz,D,Köln,,M,1998,7,2,ET,,,,1969,29,1,,3,1998,1969,LeanderScholz1998
Kurt Bracharz,A,Bregenz,,M,1998,8,2,,,,,1947,51,1,,3,1998,1947,KurtBracharz1998
Margit Schreiner,A,Berlin,,F,1998,9,2,,,,Kärnten,1953,45,1,,3,1998,1953,MargitSchreiner1998
Kathrin Schmidt,D,Berlin,,F,1998,10,2,,,,,1958,40,1,,3,1998,1958,KathrinSchmidt1998
Sibylle Lewitscharoff,D,Berlin,,F,1998,11,2,,Silvia Bovenschen,,Bachmann,1954,44,1,,3,1998,1954,SibylleLewitscharoff1998
Olivia Kleinknecht,CH,Filzbach,,F,1998,12,2,LT,,,,1960,38,1,,3,1998,1960,OliviaKleinknecht1998
Inka Bach,D,Berlin,,F,1998,13,3,ET,,,,1956,42,1,,3,1998,1956,InkaBach1998
Christian Paul Berger,A,Bregenz,,M,1998,14,3,,,,,1957,41,1,,3,1998,1957,ChristianPaulBerger1998
Christian Futscher,A,Wien,,M,1998,15,3,,,,,1960,38,1,,3,1998,1960,ChristianFutscher1998
Jan Lurvink,CH,Basel,,M,1998,16,3,LT,,,,1965,33,1,,3,1998,1965,JanLurvink1998
Bruno Steiger,CH,Zürich,,M,1997,1,1,ET,,,,1946,51,1,,3,1997,1946,BrunoSteiger1997
Gila Lustiger,D,Paris,,F,1997,2,1,,,,,1963,34,1,,3,1997,1963,GilaLustiger1997
Norbert Niemann,D,Chieming,,M,1997,3,1,,,,Bachmann,1961,36,1,,3,1997,1961,NorbertNiemann1997
Marcus Braun,D,Berlin,,M,1997,4,1,,,,,1971,26,1,,3,1997,1971,MarcusBraun1997
Wolfgang Schlüter,D/IRL,Kerry (IRL),,M,1997,5,1,,,,,1948,49,1,,3,1997,1948,WolfgangSchlüter1997
Bettina Galvagni,A,Wien,,F,1997,6,1,LT,,,Ernst Willner,1976,21,1,,3,1997,1976,BettinaGalvagni1997
Elisabeth Reichart,A,Wien,,F,1997,7,2,ET,,,,1953,44,1,,3,1997,1953,ElisabethReichart1997
Zoë Jenny,CH,Basel,,F,1997,8,2,,,,3sat,1974,23,1,,3,1997,1974,ZoëJenny1997
Thorsten Tornow,D,Niigata (JPN),,M,1997,9,2,,,,,1963,34,1,,3,1997,1963,ThorstenTornow1997
Steffen Kopetzky,D,Berlin,,M,1997,10,2,,,,Kärnten,1971,26,1,,3,1997,1971,SteffenKopetzky1997
Leopold Federmair,A,Wien,,M,1997,11,2,,,,,1957,40,1,,3,1997,1957,LeopoldFedermair1997
Gion Mathias Cavelty,CH,Zürich,,M,1997,12,2,LT,,,,1974,23,1,,3,1997,1974,GionMathiasCavelty1997
Thomas Meinecke,D,Eurasburg,,M,1997,13,3,ET,,,,1955,42,1,,3,1997,1955,ThomasMeinecke1997
Peter P. Schwaiger,A,Klosterneuburg,,M,1997,14,3,,,,,1968,29,1,,3,1997,1968,PeterPSchwaiger1997
Tim Krohn,D/CH,Zürich,,M,1997,15,3,,,,,1965,32,1,,3,1997,1965,TimKrohn1997
Ulrich Zieger,D,Montpellier (FRA),,M,1997,16,3,LT,,,,1961,36,1,,3,1997,1961,UlrichZieger1997
Hansjörg Zauner,A,Wien,,M,1996,1,1,ET,,,,1959,37,1,,,1996,1959,HansjörgZauner1996
Felicitas Hoppe,D,Berlin,,M,1996,2,1,,,,Ernst Willner,1960,36,1,,,1996,1960,FelicitasHoppe1996
Sissi Tax,A,Berlin,,F,1996,3,1,,,,,1954,42,1,,,1996,1954,SissiTax1996
Arno Geiger,A,Wien/Wolfurt,,M,1996,4,1,,,,,1968,28,1,,,1996,1968,ArnoGeiger1996
Heiko Michael Hartmann,D,Berlin,,M,1996,5,1,,,,3sat,1957,39,1,,,1996,1957,HeikoMichaelHartmann1996
Kurt Aebli,CH,Zürich,,M,1996,6,1,LT,,,,1955,41,1,,,1996,1955,KurtAebli1996
Sonja Röder,D,München,,F,1996,7,2,ET,,,,1964,32,1,,,1996,1964,SonjaRöder1996
Johannes Jansen,D,Berlin,,M,1996,8,2,,,,Kärnten,1966,30,1,,,1996,1966,JohannesJansen1996
Adelheid Dahimène,A,Obernberg (Inn),,F,1996,9,2,,,,,1956,40,1,,,1996,1956,AdelheidDahimène1996
Jürg Beeler,CH,Zürich,,M,1996,10,2,,,,,1957,39,1,,,1996,1957,JürgBeeler1996
Alban Nikolai Herbst,D,Berlin/Frankfurt,,M,1996,11,2,,,,,1955,41,1,,,1996,1955,AlbanNikolaiHerbst1996
Lydia Mischkulnig,A,Wien,,F,1996,12,2,LT,,,Bertelsmann,1963,33,1,,,1996,1963,LydiaMischkulnig1996
Alex Muggler,CH,Pully,,M,1996,13,3,ET,,,,1966,30,1,,,1996,1966,AlexMuggler1996
Herbert Maurer,A,Wien,,M,1996,14,3,,,,,1965,31,1,,,1996,1965,HerbertMaurer1996
Ingo Schramm,D,Berlin,,M,1996,15,3,,,,,1966,30,1,,,1996,1966,IngoSchramm1996
Andreas Mand,D,Berlin/Bielefeld,,M,1996,16,3,,,,,1959,37,1,,,1996,1959,AndreasMand1996
Richard Obermayr,A,Wien,,M,1996,17,3,,,,,1970,26,1,,,1996,1970,RichardObermayr1996
Josef Winkler,A,Pogöriach ,,M,1996,18,3,LT,,,,1953,43,1,,,1996,1953,JosefWinkler1996
Yoko Tawada,D,Hamburg,,F,1996,19,4,ET,,,,1960,36,1,,,1996,1960,YokoTawada1996
Peter Henning,D,Frankfurt,,M,1996,20,4,,,,,1959,37,1,,,1996,1959,PeterHenning1996
Jan Peter Bremer,D,Berlin,,M,1996,21,4,,,,Bachmann,1965,31,1,,,1996,1965,JanPeterBremer1996
Sonja Ruf,D,Frankfurt,,F,1996,22,4,LT,,,,1967,29,1,,,1996,1967,SonjaRuf1996
Hanspeter Bundi,CH,Bern/Meikirch,,M,1995,,,,,,,,,1,,,1995,1900,HanspeterBundi1995
Enrico Danieli,CH,Zürich,,M,1995,,,,,,,1952,43,1,,,1995,1952,EnricoDanieli1995
Gundi Feyrer,D/A,Graz,,F,1995,,1,,,,3sat,1956,39,1,,,1995,1956,GundiFeyrer1995
Franzobel,A,Wien,,M,1995,,Freitag,,Ferdinand Schmatz,,Bachmann,1967,28,1,,,1995,1967,Franzobel1995
Evelyn Grill,A/D,Freiburg,,F,1995,,,,,,,1942,53,1,,,1995,1942,EvelynGrill1995
Klaus Händl,A/D,Berlin/Wien,,M,1995,,1,,,,,1969,26,1,,,1995,1969,KlausHändl1995
Joachim Helfer,D,Hamburg,,M,1995,,,,,,,1964,31,1,,,1995,1964,JoachimHelfer1995
Reinhard Jirgl,D,Berlin,,M,1995,,,,,,,1953,42,1,,,1995,1953,ReinhardJirgl1995
Volker Kaminski,D,Berlin,,M,1995,,,,,,,1958,37,1,,,1995,1958,VolkerKaminski1995
Radek Knapp,A,Wien,,M,1995,,,,,,,1964,31,1,,,1995,1964,RadekKnapp1995
Ulrike Kolb,D,Frankfurt,,F,1995,,,,,,Kärnten,1942,53,1,,,1995,1942,UlrikeKolb1995
Mariella Mehr,CH,Tomils,,F,1995,,,,,,,1947,48,1,,,1995,1947,MariellaMehr1995
Perikles Monioudis,CH,Zürich/Glarus,,M,1995,,,,,,,1966,29,1,,,1995,1966,PeriklesMonioudis1995
Petra Morsbach,D,Pöcking (Oberbayern),,F,1995,,,,,,,1956,39,1,,,1995,1956,PetraMorsbach1995
Andreas Neumeister,D,München,,M,1995,,,,,,,1959,36,1,,,1995,1959,AndreasNeumeister1995
Georg Martin Oswald,D,München,,M,1995,,,,,,,1963,32,1,,,1995,1963,GeorgMartinOswald1995
Georg Pichler,A,Graz,,M,1995,,,,,,,1959,36,1,,,1995,1959,GeorgPichler1995
Ingo Schulze,D,Berlin,,M,1995,,,,Thomas Hettche,,Ernst Willner,1962,33,1,,,1995,1962,IngoSchulze1995
Marion Titze,D,Berlin,,F,1995,,,,,,,1953,42,1,,,1995,1953,MarionTitze1995
Ilija Trojanow,D,München,,M,1995,,,,Iso Camartin,,Bertelsmann,1965,30,1,,,1995,1965,IlijaTrojanow1995
Monika Wogrolly,A,Graz,,F,1995,,,,,,,1967,28,1,,,1995,1967,MonikaWogrolly1995
Wolfgang Wenger,A,Adnet bei Salzburg,,M,1995,,,,,,,1962,33,1,,,1995,1962,WolfgangWenger1995
Hans Ulrich Bänziger,CH,Maur bei Zürich,,M,1994,,,,,,,1938,56,1,,,1994,1938,HansUlrichBänziger1994
Bernd Cailloux,D,Berlin,,M,1994,,,,,,,1945,49,1,,,1994,1945,BerndCailloux1994
Reto Hänny,CH,Zürich,,M,1994,,,,Iso Camartin,,Bachmann,1947,47,1,,,1994,1947,RetoHänny1994
Josef Haslinger,A,Wien,,M,1994,,,,,,,1955,39,1,,,1994,1955,JosefHaslinger1994
Paulus Hochgatterer,A,Wien,,M,1994,,,,,,,1961,33,1,,,1994,1961,PaulusHochgatterer1994
Karina Kranhold,D,Marburg,,F,1994,,,,,,,1960,34,1,,,1994,1960,KarinaKranhold1994
Dagmar Leupold,D,Eglharting bei München,,F,1994,,,,,,,1955,39,1,,,1994,1955,DagmarLeupold1994
Stefanie Menzinger,D/LET,Liepaja (LVA),,F,1994,,,,Verena Auffermann,,Ernst Willner,1965,29,1,,,1994,1965,StefanieMenzinger1994
Klaus Modick,D,Wiefelstede,,M,1994,,,,,,,1951,43,1,,,1994,1951,KlausModick1994
Sibylle Mulot,D/FRA,"Lure (Franche-Comté, FRA)",,F,1994,,,,,,,1950,44,1,,,1994,1950,SibylleMulot1994
Heidi von Plato,D,Berlin,,F,1994,,,,,,,1954,40,1,,,1994,1954,HeidivonPlato1994
Doron Rabinovici,A,Wien,,M,1994,,,,,,3sat,1961,33,1,,,1994,1961,DoronRabinovici1994
Urs Richle,CH,Genf,,M,1994,,,,,,,1965,29,1,,,1994,1965,UrsRichle1994
Katharina Riese,A,Wien,,F,1994,,,,,,,1946,48,1,,,1994,1946,KatharinaRiese1994
Georg Ringsgwandl,D,Garmisch-Partenkirchen,,M,1994,,,,,,,1948,46,1,,,1994,1948,GeorgRingsgwandl1994
Kathrin Röggla,D,Berlin/Salzburg,,F,1994,,,,,,,1971,23,1,,,1994,1971,KathrinRöggla1994
Raoul Schrott,A/FRA,Seillans (FRA),,M,1994,,,,Klaus Amann,,Kärnten,1964,30,1,,,1994,1964,RaoulSchrott1994
Frank Schulz,D,Hamburg,,M,1994,,,,,,,1957,37,1,,,1994,1957,FrankSchulz1994
Ruth Schweikert,CH,Aarau,,F,1994,,,,,,Bertelsmann,1964,30,1,,,1994,1964,RuthSchweikert1994
Andrea Simmen,CH,Brütten,,F,1994,,,,,,,1960,34,1,,,1994,1960,AndreaSimmen1994
Bernd Wagner,D,Berlin,,M,1994,,,,,,,1948,46,1,,,1994,1948,BerndWagner1994
Andrea Worek,A,Wien,,F,1994,,,,,,,,,1,,,1994,1900,AndreaWorek1994
Matthias Altenburg,D,Frankfurt,,M,1993,,,,,,,1958,35,1,,4,1993,1958,MatthiasAltenburg1993
Dirk Brauns,D,Berlin,,M,1993,,,,Werner Fuld,,3sat-Stipendium,1968,25,1,,4,1993,1968,DirkBrauns1993
Jan Peter Bremer,D,Berlin,,M,1993,,,,,,Bertelsmann-Stipendium,1965,28,1,,4,1993,1965,JanPeterBremer1993
Kurt Drawert,D,Osterholz-Scharmbeck,,M,1993,,,,,,Bachmann,1956,37,1,"(""Freitag um zehn"")",4,1993,1956,KurtDrawert1993
Susanne Geiger,D,Frankfurt/Tübingen,,F,1993,,,,,,,1964,29,1,,4,1993,1964,SusanneGeiger1993
Sabine Gruber,A/ITA,Wien,,F,1993,,,,,,,1963,30,1,,4,1993,1963,SabineGruber1993
Christina Günther,D,Wuppertal,,F,1993,,,,,,,1962,31,1,,4,1993,1962,ChristinaGünther1993
Rudolf Habringer,A,Walding,,M,1993,,,,,,,1960,33,1,,4,1993,1960,RudolfHabringer1993
Hanna Johansen,CH,Kilchberg,,F,1993,,,,,,Kärnten,1939,54,1,,4,1993,1939,HannaJohansen1993
Reinhard Kaiser,D,Frankfurt,,M,1993,,,,,,,1950,43,1,"(""als Letzter am 2. Tag"")",4,1993,1950,ReinhardKaiser1993
Sandra Kellein,D,Berlin,,F,1993,,,,Verena Auffermann,,Ernst Willner,1958,35,1,,4,1993,1958,SandraKellein1993
Michael Kleeberg,D/FRA,Paris,,M,1993,,,,,,,1959,34,1,,4,1993,1959,MichaelKleeberg1993
Bettina Klix,D,Berlin,,F,1993,,,,,,,1961,32,1,,4,1993,1961,BettinaKlix1993
Gabriele Kögl,A,Wien,,F,1993,,,,,,,1960,33,1,,4,1993,1960,GabrieleKögl1993
Helmut Krausser,D,Gilching,,M,1993,,,,,,,1964,29,1,,4,1993,1964,HelmutKrausser1993
Ludwig Laher,A,Salzburg,,M,1993,,,,,,,1955,38,1,,4,1993,1955,LudwigLaher1993
Thomas Lehr,D,Berlin,,M,1993,,,,,,,1957,36,1,,4,1993,1957,ThomasLehr1993
Dirk von Petersdorff,D,Kronshagen,,M,1993,,,,,,,1966,27,1,,4,1993,1966,DirkvonPetersdorff1993
Benjamin Stein,D,Berlin,,M,1993,,,,,,,1970,23,1,,4,1993,1970,BenjaminStein1993
Wilfried Steiner,A,Salzburg,,M,1993,,,,,,,1960,33,1,,4,1993,1960,WilfriedSteiner1993
Hans-Ulrich Treichel,D,Berlin,,M,1993,,,,,,,1952,41,1,,4,1993,1952,HansUlrichTreichel1993
Christina Viragh,CH,Luzern,,F,1993,,,,,,,1953,40,1,,4,1993,1953,ChristinaViragh1993
Martin Ahrends,D,Hollenstedt,,M,1992,,,,,,,1951,41,1,,,1992,1951,MartinAhrends1992
Friedrich Ani,D,München,,M,1992,,,,,,,1959,33,1,,,1992,1959,FriedrichAni1992
Norbert Bleisch,D,Schwerin,,M,1992,,,,,,,1957,35,1,,,1992,1957,NorbertBleisch1992
Bianca Döring,D,Stuttgart,,F,1992,,,,,,,1957,35,1,,,1992,1957,BiancaDöring1992
Manfred Flügge,D,Berlin,,M,1992,,,,,,,1946,46,1,,,1992,1946,ManfredFlügge1992
Lioba Happel,D,Berlin,,F,1992,,,,,,,1957,35,1,,,1992,1957,LiobaHappel1992
Christa Hein,D,Frankfurt,,F,1992,,,,,,,1955,37,1,,,1992,1955,ChristaHein1992
Wolfgang Hermann,A,Berlin,,M,1992,,,,,,,1961,31,1,,,1992,1961,WolfgangHermann1992
Ulrich Holbein,D,Allmuthshausen,,M,1992,,,,,,Ernst Willner,1953,39,1,,,1992,1953,UlrichHolbein1992
Alois Hotschnig,A,Innsbruck,,M,1992,,,,,,Kärnten,1959,33,1,,,1992,1959,AloisHotschnig1992
Christoph Janacs,A,Niederalm,,M,1992,,,,,,,1955,37,1,,,1992,1955,ChristophJanacs1992
Jan Koneffke,D,Berlin,,M,1992,,,,,,,1960,32,1,,,1992,1960,JanKoneffke1992
Fritz Krenn,A,Graz,,M,1992,,,,,,3sat-Stipendium,1958,34,1,,,1992,1958,FritzKrenn1992
Roger Lille,CH,Aarau,,M,1992,,,,,,,1956,36,1,,,1992,1956,RogerLille1992
Manfred Maurer,A,Wien,,M,1992,,,,,,,1958,34,1,,,1992,1958,ManfredMaurer1992
Andreas Neumeister,D,München,,M,1992,,,,,,,1959,33,1,,,1992,1959,AndreasNeumeister1992
Ulrich Peltzer,D,Berlin,,M,1992,,,,,,Stipendium der Verlage,1955,37,1,,,1992,1955,UlrichPeltzer1992
Sabine Scholl,A,Wien,,F,1992,,,,,,,1959,33,1,,,1992,1959,SabineScholl1992
Burkhard Spinnen,D,Münster,,M,1992,,,,,,Stipendium der Kärntner Industrie,1956,36,1,,,1992,1956,BurkhardSpinnen1992
Ginka Steinwachs,D,Hamburg,,F,1992,,,,,,,1942,50,1,,,1992,1942,GinkaSteinwachs1992
Alissa Walser,D,Frankfurt,,F,1992,,,,,,Bachmann,1961,31,1,,,1992,1961,AlissaWalser1992
Kurt Aebli,CH,Zürich,,M,1991,,,,,,,1955,36,1,,,1991,1955,KurtAebli1991
Gabrielle Alioth,CH,Basel/IRL,,F,1991,,,,,,,1955,36,1,,,1991,1955,GabrielleAlioth1991
Urs Allemann,CH,Riehen,,M,1991,,,,,,Kärnten,1948,43,1,,,1991,1948,UrsAllemann1991
Marcel Beyer,D,Köln,,M,1991,,,,,,Ernst Willner,1965,26,1,,,1991,1965,MarcelBeyer1991
Michael Eberth,A,Oberhofen,,M,1991,,,,,,,1959,32,1,,,1991,1959,MichaelEberth1991
Hella Eckert,D,Heidelberg,,F,1991,,,,,,,1948,43,1,,,1991,1948,HellaEckert1991
Hubert Konrad Frank,D,Freiburg,,M,1991,,,,,,Stipendium der Kärntner Industrie,1939,52,1,,,1991,1939,HubertKonradFrank1991
Walter Gnelli,D,Berlin-West,,M,1991,,,,,,,,,1,,,1991,1900,WalterGnelli1991
Durs Grünbein,D,Berlin-Ost,,M,1991,,,,,,,1962,29,1,,,1991,1962,DursGrünbein1991
Roland Koch,D,Köln,,M,1991,,,,,,,1959,32,1,,,1991,1959,RolandKoch1991
Judith Kuckart,D,Berlin-West,,F,1991,,,,,,,1959,32,1,,,1991,1959,JudithKuckart1991
Sabine Küchler,D,Lippstadt,,F,1991,,,,,,,1965,26,1,,,1991,1965,SabineKüchler1991
Ulrike Längle,A,Bregenz,,F,1991,,,,,,,1953,38,1,,,1991,1953,UlrikeLängle1991
F. Hendrick Melle,D,Berlin-West,,M,1991,,,,,,,1960,31,1,,,1991,1960,FHendrickMelle1991
Francesco Micieli,CH,Zollbrück,,M,1991,,,,,,,1956,35,1,,,1991,1956,FrancescoMicieli1991
Wolfgang Mörth,A,Lauterach,,M,1991,,,,,,,1958,33,1,,,1991,1958,WolfgangMörth1991
Emine Sevgi Özdamar,D,Berlin-West,,F,1991,,,,,,Bachmann,1946,45,1,,,1991,1946,EmineSevgiÖzdamar1991
Matthias Politycki,D,München,,M,1991,,,,,,,1955,36,1,,,1991,1955,MatthiasPolitycki1991
Theres Roth-Hunkeler,CH,St. Gallen,,F,1991,,,,,,3sat-Stipendium,1953,38,1,,,1991,1953,TheresRothHunkeler1991
Said,D,München,,M,1991,,,,,,,1947,44,1,,,1991,1947,Said1991
Ludger Schwarte,D,Berlin-West,,M,1991,,,,,,,1967,24,1,,,1991,1967,LudgerSchwarte1991
Peter Wawerzinek,D,Berlin-Ost,,M,1991,,,,,,Stipendium der Verlage,1954,37,1,,,1991,1954,PeterWawerzinek1991
Alain Claude Sulzer,BRD,BRD/FRA,,M,1990,1,1,ET,,,,1953,37,1,,4,1990,1953,AlainClaudeSulzer1990
Franz Hodjak,ROM,ROM,,M,1990,2,1,,,,Kärnten,1944,46,1,,4,1990,1944,FranzHodjak1990
Susanne Röckel,BRD,München,,F,1990,3,1,,,,,1953,37,1,,4,1990,1953,SusanneRöckel1990
Stefan Tomas,BRD,Bielefeld,,M,1990,4,1,,,,,1943,47,1,,4,1990,1943,StefanTomas1990
W. G. Sebald,GB,Norwich (GB),,M,1990,5,1,,,,,1944,46,1,,4,1990,1944,WGSebald1990
Eleonore Frey,CH,Zürich,,F,1990,6,1,LT,,,,1939,51,1,,4,1990,1939,EleonoreFrey1990
Ludwig Roman Fleischer,A,Wien,,M,1990,7,2,ET,,,Ernst Willner,1952,38,1,,4,1990,1952,LudwigRomanFleischer1990
Fritz-Jochen Kopka,DDR,Berlin-Ost,,M,1990,8,2,,,,,1944,46,1,,4,1990,1944,FritzJochenKopka1990
Christoph Buggert,BRD,Oberursel,,M,1990,9,2,,,,,1937,53,1,,4,1990,1937,ChristophBuggert1990
Pieke Biermann,BRD,Berlin-West,,F,1990,10,2,,,,3sat-Stipendium,1950,40,1,,4,1990,1950,PiekeBiermann1990
Andreas Montag,DDR,Halle (Saale),,M,1990,11,2,,,,,1956,34,1,,4,1990,1956,AndreasMontag1990
Berndt Rieger,USA,CA,,M,1990,12,2,LT,,,,1962,28,1,,4,1990,1962,BerndtRieger1990
Cornelia Manikowsky,BRD,Hamburg,,F,1990,13,3,ET,,,Stipendium der Kärntner Industrie,1961,29,1,,4,1990,1961,CorneliaManikowsky1990
Margit Schreiner,A,Salzburg,,F,1990,14,3,,,,,1953,37,0,wegen Verletzung der Statuten ausgeschlossen,4,1990,1953,MargitSchreiner1990
Erich Möchel,A,Wien,,M,1990,15,3,,,,,1957,33,1,,4,1990,1957,ErichMöchel1990
Birgit Vanderbeke,BRD,Frankfurt,,F,1990,16,3,,,,Bachmann,1956,34,1,,4,1990,1956,BirgitVanderbeke1990
Friederike Kretzen,CH,Basel,,F,1990,17,3,,,,,1956,34,1,,4,1990,1956,FriederikeKretzen1990
Reinhard Jirgl,DDR,Berlin-Ost,,M,1990,18,3,LT,,,,1953,37,1,,4,1990,1953,ReinhardJirgl1990
Hubert Konrad Frank,BRD,Freiburg,,M,1990,19,4,ET,,,,1939,51,0,wegen Verletzung der Statuten ausgeschlossen,4,1990,1939,HubertKonradFrank1990
Georg Bydlinski,A,Maria Enzersdorf,,M,1990,20,4,,,,,1956,34,1,,4,1990,1956,GeorgBydlinski1990
Ingeborg Harms,USA,Boston (USA),,F,1990,21,4,,,,Stipendium der Verlage,1956,34,1,,4,1990,1956,IngeborgHarms1990
Christa Moog,BRD,Berlin-West,,F,1990,22,4,LT,,,,1952,38,1,,4,1990,1952,ChristaMoog1990
Gernot Ragger,A,Wolfsberg,,M,1989,1,1,ET,,,,1959,30,1,,3,1989,1959,GernotRagger1989
Natascha Wodin,BRD,Nürnberg,,F,1989,2,1,,,,,1945,44,1,,3,1989,1945,NataschaWodin1989
Sabine Peters,BRD,Dollart,,F,1989,3,1,,,,Ernst Willner,1961,28,1,,3,1989,1961,SabinePeters1989
Bernd Schirmer,DDR,Berlin-Ost,,M,1989,4,1,,,,Stipendium der Verlage,1940,49,1,,3,1989,1940,BerndSchirmer1989
Angelika Klüssendorf,BRD,Berlin-West,,F,1989,5,1,,,,,1958,31,1,,3,1989,1958,AngelikaKlüssendorf1989
Eberhard Häfner,DDR,Berlin-Ost,,M,1989,6,1,LT,,,3sat-Stipendium,1941,48,1,,3,1989,1941,EberhardHäfner1989
Christoph Geiser,CH,Bern,,M,1989,7,2,ET,,,,1949,40,1,,3,1989,1949,ChristophGeiser1989
Thomas Hettche,BRD,Frankfurt,,M,1989,8,2,,,,Stipendium der Kärntner Industrie,1964,25,1,,3,1989,1964,ThomasHettche1989
Franz Meisl,A,Wien,,M,1989,9,2,,,,,,,1,,3,1989,1900,FranzMeisl1989
Gabi Kachold,DDR,Erfurt,,F,1989,10,2,,,,,1953,36,1,,3,1989,1953,GabiKachold1989
Alois Schöpf,A,Lans,,M,1989,11,2,,,,,1950,39,1,,3,1989,1950,AloisSchöpf1989
Klaus Merz,CH,Unterkulm,,M,1989,12,2,,,,,1945,44,1,,3,1989,1945,KlausMerz1989
Peter Kurzeck,BRD,Frankfurt,,M,1989,13,2,LT,,,,1943,46,1,,3,1989,1943,PeterKurzeck1989
Kerstin Hensel,DDR,Berlin-Ost,,F,1989,14,3,ET,,,,1961,28,1,,3,1989,1961,KerstinHensel1989
Wolfgang Hilbig,BRD,Nürnberg,,M,1989,15,3,,,,Bachmann,1941,48,1,,3,1989,1941,WolfgangHilbig1989
Rolf Niederhauser,CH,Basel,,M,1989,16,3,,,,,1951,38,1,,3,1989,1951,RolfNiederhauser1989
Hansjörg Schertenleib,CH,Luzern,,M,1989,17,3,,,,,1957,32,1,,3,1989,1957,HansjörgSchertenleib1989
Bruno Steiger,CH,Zürich,,M,1989,18,3,,,,,1946,43,1,,3,1989,1946,BrunoSteiger1989
Norbert Gstrein,A,Graz,,M,1989,19,3,,,,Kärnten,1961,28,1,,3,1989,1961,NorbertGstrein1989
Martin Ahrends,BRD,Hollenstedt,,M,1989,20,3,LT,,,,1951,38,1,,3,1989,1951,MartinAhrends1989
Split,BRD,Berlin-West,,M,1989,,,,,,,,,1,fehlte hier steht aber im pressedoc und hat ein paar quellen in google books,3,1989,1900,Split1989
Elisabeth Reichart,A,Wien,,F,1988,1,1,ET,,,,1953,35,1,,3,1988,1953,ElisabethReichart1988
Angela Krauß,DDR,Leipzig,,F,1988,2,1,,,,Bachmann,1950,38,1,,3,1988,1950,AngelaKrauß1988
Hans-Eckardt Wenzel,DDR,Berlin-Ost,,M,1988,3,1,,,,,1955,33,1,,3,1988,1955,HansEckardtWenzel1988
Jost Nickel,BRD,Hamburg,,M,1988,4,1,,,,,1954,34,1,,3,1988,1954,JostNickel1988
Anselm Glück,A,Wien,,M,1988,5,1,,,,Preis des Landes Kärnten,1950,38,1,,3,1988,1950,AnselmGlück1988
Günter Franzen,BRD,Frankfurt,,M,1988,6,1,,,,,1947,41,1,,3,1988,1947,GünterFranzen1988
Wolfgang de Bruyn,DDR,Wildau,,M,1988,7,1,,,,,1951,37,1,,3,1988,1951,WolfgangdeBruyn1988
Flavio Steimann,CH,Willisau,,M,1988,8,1,LT,,,,1945,43,1,,3,1988,1945,FlavioSteimann1988
Rudolf Brun,BRD,Schmitten,,M,1988,9,2,ET,,,,,,1,,3,1988,1900,RudolfBrun1988
Hartmut Geerken,BRD,Herrsching,,M,1988,10,2,,,,,1939,49,1,,3,1988,1939,HartmutGeerken1988
Jochen Langer,BRD,Köln,,M,1988,11,2,,,,,1953,35,1,,3,1988,1953,JochenLanger1988
Christoph Keller,CH,St. Gallen,,M,1988,12,2,,,,,1963,25,1,,3,1988,1963,ChristophKeller1988
Walter Klier,A,Innsbruck,,M,1988,13,2,,,,,1955,33,1,,3,1988,1955,WalterKlier1988
Klaus Modick,BRD,Wiefelstede,,M,1988,14,2,,,,,1951,37,1,,3,1988,1951,KlausModick1988
Sylvia Brandis,BRD,Tielenhemme,,F,1988,15,2,LT,,,Stipendium der Kärntner Industrie,1959,29,1,,3,1988,1959,SylviaBrandis1988
Michael Wildenhain,BRD,Berlin-West,,M,1988,16,3,ET,,,Ernst-Willner-Preis,1958,30,1,,3,1988,1958,MichaelWildenhain1988
Peter Haffner,CH,Zürich,,M,1988,17,3,,,,,1953,35,1,,3,1988,1953,PeterHaffner1988
Angela Praesent,BRD,Hamburg,,F,1988,18,3,,,,,1945,43,1,,3,1988,1945,AngelaPraesent1988
Alois Haider,A,Schallaburg,,M,1988,19,3,,,,,1948,40,1,,3,1988,1948,AloisHaider1988
Brigitte Struzyk,DDR,Berlin-Ost,,F,1988,20,3,,,,,1946,42,1,,3,1988,1946,BrigitteStruzyk1988
Andreas Neumeister,BRD,München,,M,1988,21,3,,,,,1959,29,1,,3,1988,1959,AndreasNeumeister1988
Bernhard Gierds,BRD,Hamburg,,M,1988,22,3,LT,,,Stipendium der 23 Verlage,,,1,,3,1988,1900,BernhardGierds1988
Erich Wolfgang Skwara,A,Salzburg/San Diego (USA),,M,1987,1,1,ET,Demetz,,,1948,39,1,,3,1987,1948,ErichWolfgangSkwara1987
Claudia Erdheim,BRD,Kiel,,F,1987,2,1,,Dierks,,,1945,42,1,,3,1987,1945,ClaudiaErdheim1987
Barbara Honigmann,FRA,Strasbourg,,F,1987,3,1,,Löffler,,,1949,38,1,,3,1987,1949,BarbaraHonigmann1987
Maria Seidemann,DDR,Postdam,,F,1987,4,1,,Schubert,,,1944,43,1,,3,1987,1944,MariaSeidemann1987
Linde Rotta,BRD,Lünen,,F,1987,5,1,,Karasek,,,1937,50,1,,3,1987,1937,LindeRotta1987
Manfred Seiler,BRD,Bachern,,M,1987,6,1,,Demetz,,,1952,35,1,,3,1987,1952,ManfredSeiler1987
Manfred Maurer,A,Wien,,M,1987,7,1,LT,Parschalk,,,1958,29,1,,3,1987,1958,ManfredMaurer1987
Uwe Saeger,DDR,Berlin-Ost,,M,1987,8,2,ET,Liersch,,Bachmann,1948,39,1,,3,1987,1948,UweSaeger1987
Joseph von Westphalen,BRD,München,,M,1987,9,2,,Henscheid,,,1945,42,1,,3,1987,1945,JosephvonWestphalen1987
Friedrich Hahn,A,Wien,,M,1987,10,2,,Parschalk,,,1952,35,1,,3,1987,1952,FriedrichHahn1987
Jutta Heinrich,BRD,Hamburg,,F,1987,11,2,,Karasek,,,1940,47,1,,3,1987,1940,JuttaHeinrich1987
Paulus Hochgatterer,A,Wien,,M,1987,12,2,,Löffler,,,1961,26,1,,3,1987,1961,PaulusHochgatterer1987
Irina Liebmann,DDR,Berlin-Ost,,F,1987,13,2,,Liersch,,Ernst Willner,1943,44,1,,3,1987,1943,IrinaLiebmann1987
Claudia Guderian,BRD,Gießen,,F,1987,14,2,LT,"Henscheid, Stumm",,,1952,35,1,,3,1987,1952,ClaudiaGuderian1987
Anna Langhoff,BRD,Berlin-West,,F,1987,15,3,ET,"Stumm, Karasek",,Stipendium der Kärntner Industrie,1965,22,1,,3,1987,1965,AnnaLanghoff1987
Ursula Adam-Kabas,A,Salzburg,,F,1987,16,3,,Zeman,,,1950,37,1,,3,1987,1950,UrsulaAdamKabas1987
Urs Allemann,CH,Riehen,,M,1987,17,3,,Drews,,,1948,39,1,,3,1987,1948,UrsAllemann1987
Martin Stephan,DDR,Berlin-Ost,,M,1987,18,3,,Schubert,,,1945,42,1,,3,1987,1945,MartinStephan1987
Werner Fritsch,BRD,München,,M,1987,19,3,LT,Drews,,Kärnten,1960,27,1,,3,1987,1960,WernerFritsch1987
Thorsten Becker,BRD,Berlin-West,,M,1986,,,,,,,1958,28,1,,,1986,1958,ThorstenBecker1986
Jochen Beyse,BRD,Hamburg,,M,1986,,,,,,Preis der Kärntner Industrie,1949,37,1,,,1986,1949,JochenBeyse1986
Christiane Binder-Gasper,BRD,Berlin-West,,F,1986,,,,,,,1935,51,1,,,1986,1935,ChristianeBinderGasper1986
Daniela Castner,BRD,Wedel bei Hamburg,,F,1986,,,,,,,1948,38,1,,,1986,1948,DanielaCastner1986
Gerhard Falkner,BRD,München/Nürnberg,,M,1986,,,,,,,1951,35,1,,,1986,1951,GerhardFalkner1986
Zsuzsanna Gahse,BRD,Stuttgart,,F,1986,,,,,,Preis der Stadt Wiesbaden,1946,40,1,,,1986,1946,ZsuzsannaGahse1986
Armin Gatterer,A,Bozen,,M,1986,,,,,,,1959,27,1,,,1986,1959,ArminGatterer1986
Evelyn Grill,A/BRD,Linz,,F,1986,,,,,,,1942,44,1,,,1986,1942,EvelynGrill1986
Daniel Grolle,BRD,Hamburg,,M,1986,,,,,,Ernst-Willner-Stipendium,1963,23,1,,,1986,1963,DanielGrolle1986
Lukas Hammerstein,BRD,München,,M,1986,,,,,,,1958,28,1,,,1986,1958,LukasHammerstein1986
Wolfgang Hermann,A,Wien,,M,1986,,,,,,,1961,25,1,,,1986,1961,WolfgangHermann1986
Bettina Klix,BRD,Berlin-West,,F,1986,,,,,,,1961,25,1,,,1986,1961,BettinaKlix1986
Friedrich Wilhelm Korff,BRD,Wennigsen,,M,1986,,,,,,,1939,47,1,,,1986,1939,FriedrichWilhelmKorff1986
Friederike Kretzen,CH,Basel,,F,1986,,,,,,,1956,30,1,,,1986,1956,FriederikeKretzen1986
Katja Lange-Müller,BRD,Berlin-West,,F,1986,,,,,,Bachmann,1951,35,1,,,1986,1951,KatjaLangeMüller1986
Henrike Leonhardt,BRD,München,,F,1986,,,,,,,1943,43,1,,,1986,1943,HenrikeLeonhardt1986
Jost Nickel,BRD,Hamburg,,M,1986,,,,,,,1954,32,1,,,1986,1954,JostNickel1986
Anita Pichler,ITA,Venedig,,F,1986,,,,,,,1948,38,1,,,1986,1948,AnitaPichler1986
Arnulf Ploder,A,Klagenfurt,,M,1986,,,,,,Ernst-Willner-Stipendium,1955,31,1,,,1986,1955,ArnulfPloder1986
Ingrid Puganigg,A,Höchst (Vorarlberg),,F,1986,,,,,,Preis des Landes Kärnten,1947,39,1,,,1986,1947,IngridPuganigg1986
Andreas Reiter,BRD,München,,M,1986,,,,,,,,,1,,,1986,1900,AndreasReiter1986
Nora Schmitt,BRD,Frankfurt/Dreieichenhain,,F,1986,,,,,,,1924,62,1,,,1986,1924,NoraSchmitt1986
Lothar Schöne,BRD,Wiesbaden,,M,1986,,,,,,,1949,37,1,,,1986,1949,LotharSchöne1986
Walter Vogl,A,Wien,,M,1986,,,,,,,1958,28,1,,,1986,1958,WalterVogl1986
Hartmut Riederer,BRD,München,,M,1985,1,1,ET,,,,1942,43,1,,3,1985,1942,HartmutRiederer1985
Peter Grosz,BRD,Mainz,,M,1985,2,1,,,,,1947,38,1,,3,1985,1947,PeterGrosz1985
Hans Meyer-Hörstgen,BRD,Bad Essen,,M,1985,3,1,,,,,1948,37,1,,3,1985,1948,HansMeyerHörstgen1985
Heinz Stalder,CH,Kriens,,M,1985,4,1,,,,,1939,46,1,,3,1985,1939,HeinzStalder1985
Margrit Irgang,BRD,München,,F,1985,5,1,,,,,1948,37,1,,3,1985,1948,MargritIrgang1985
Fritz H. Dinkelmann,CH,Heinrichswil,,M,1985,6,1,,,,,1950,35,1,,3,1985,1950,FritzHDinkelmann1985
Elfi Hartenstein,BRD,Bremen,,F,1985,7,1,,,,,1946,39,1,,3,1985,1946,ElfiHartenstein1985
Waltraud Anna Mitgutsch,A,Linz,,F,1985,8,1,LT,,,,1948,37,1,,3,1985,1948,WaltraudAnnaMitgutsch1985
Oskar von Reuth,BRD,Berlin-West,,M,1985,9,2,ET,,,,1959,26,1,,3,1985,1959,OskarvonReuth1985
Elena Richterich,BRD,Berlin-West,,F,1985,10,2,,,,,,,1,,3,1985,1900,ElenaRichterich1985
Angelika Stark,CH,Ermatingen,,F,1985,11,2,,,,,,,1,,3,1985,1900,AngelikaStark1985
Ginka Steinwachs,BRD,Frankfurt,,F,1985,12,2,,,,Preis der Kärntner Industrie,1942,43,1,,3,1985,1942,GinkaSteinwachs1985
Birgit Kempker,BRD,Hildesheim,,F,1985,13,2,,,,Preis des Landes Kärnten,1956,29,1,,3,1985,1956,BirgitKempker1985
Linda Pfeiffer,BRD,Erftstadt,,F,1985,14,2,,,,,1948,37,1,,3,1985,1948,LindaPfeiffer1985
Elisabeth Plessen,BRD,Hamburg,,F,1985,15,2,,,,,1944,41,1,,3,1985,1944,ElisabethPlessen1985
Lukas Hartmann,CH,Alblingen,,M,1985,16,2,LT,,,,1944,41,1,,3,1985,1944,LukasHartmann1985
Assen Asenov,BRD,Berlin-West,,M,1985,17,3,ET,,,,,,1,,3,1985,1900,AssenAsenov1985
Joachim Scholz,BRD,Hamburg,,M,1985,18,3,,,,,1924,61,1,,3,1985,1924,JoachimScholz1985
Josef Einwanger,BRD,Simbach,,M,1985,19,3,,,,,1935,50,1,,3,1985,1935,JosefEinwanger1985
Lilian Faschinger,A,Graz,,F,1985,20,3,,,,Ernst-Willner-Stipendium,1950,35,1,,3,1985,1950,LilianFaschinger1985
Hermann Burger,CH,Brunegg,,M,1985,21,3,,,,Bachmann,1942,43,1,,3,1985,1942,HermannBurger1985
Dante Andrea Franzetti,CH,Zürich,,M,1985,22,3,,,,Ernst-Willner-Stipendium,1959,26,1,,3,1985,1959,DanteAndreaFranzetti1985
Günther Freitag,A,Leoben,,M,1985,23,3,,,,,1952,33,1,,3,1985,1952,GüntherFreitag1985
Gert Heidenreich,BRD,Inning,,M,1985,24,3,LT,,,,1944,41,1,,3,1985,1944,GertHeidenreich1985
Jochen Beyse,BRD,Hamburg,,M,1984,,,,,,,1949,35,1,,,1984,1949,JochenBeyse1984
Gerd-Peter Eigner,BRD,Salzburg,,M,1984,,,,,,,1942,42,1,,,1984,1942,GerdPeterEigner1984
Wolf-Dieter Eigner,A,Graz,,M,1984,,,,,,,1952,32,1,,,1984,1952,WolfDieterEigner1984
Jörg Fauser,BRD,Berlin-West,,M,1984,,,,,,,1944,40,1,,,1984,1944,JörgFauser1984
Josef Haslinger,A,Kassel,,M,1984,,,,,,,1955,29,1,,,1984,1955,JosefHaslinger1984
Wolfgang Hegewald,BRD,Hamburg,,M,1984,,,,,,Preis der Industriellenvereinigung,1952,32,1,,,1984,1952,WolfgangHegewald1984
Michael Köhlmeier,A,Hohenems,,M,1984,,,,,,,1949,35,1,,,1984,1949,MichaelKöhlmeier1984
Marcel Konrad,CH,Luzern,,M,1984,,,,,,,1954,30,1,,,1984,1954,MarcelKonrad1984
Jörg Krichbaum,BRD,Düsseldorf,,M,1984,,,,,,,1945,39,1,,,1984,1945,JörgKrichbaum1984
Hans-Jürgen Kühn,BRD,München,,M,1984,,,,,,,,,1,,,1984,1900,HansJürgenKühn1984
Norbert Loacker,A,Zürich,,M,1984,,,,,,,1939,45,1,,,1984,1939,NorbertLoacker1984
Helen Meier,CH,Heiden,,M,1984,,,,,,Ernst-Willner-Stipendium,1929,55,1,,,1984,1929,HelenMeier1984
E. Y. Meyer,CH,Bern,,M,1984,,,,,,,1946,38,1,,,1984,1946,EYMeyer1984
Erica Pedretti,CH,La Neuveville,,F,1984,,,,,,Bachmann,1930,54,1,,,1984,1930,EricaPedretti1984
Ernst Alexander Rauter,A,Neuried,,M,1984,,,,,,,1929,55,1,,,1984,1929,ErnstAlexanderRauter1984
Evelyn Schlag,A,Waidhofen,,F,1984,,,,,,,1952,32,1,,,1984,1952,EvelynSchlag1984
Eva Schmidt,A,Bregenz,,F,1984,,,,,,,1952,32,1,,,1984,1952,EvaSchmidt1984
Kristin T. Schnider,CH,Zürich,,F,1984,,,,,,,1960,24,1,,,1984,1960,KristinTSchnider1984
Renate Schostack,BRD,Pforzheim,,F,1984,,,,,,Sonderpreis der Klagenfurter Jury,1938,46,1,,,1984,1938,RenateSchostack1984
Beat Sterchi,CH,Bern,,M,1984,,,,,,,1949,35,1,,,1984,1949,BeatSterchi1984
Harald Strätz,BRD,Berlin-West,,M,1984,,,,,,,1951,33,1,,,1984,1951,HaraldSträtz1984
Thomas Strittmatter,BRD,St. Georgen,,M,1984,,,,,,Ernst-Willner-Stipendium,1961,23,1,,,1984,1961,ThomasStrittmatter1984
Ralf Thenior,BRD,Wustrow,,M,1984,,,,,,,1945,39,1,,,1984,1945,RalfThenior1984
Keto von Waberer,BRD,München,,F,1984,,,,,,,1942,42,1,,,1984,1942,KetovonWaberer1984
Peter Weibel,CH,Bern,,M,1984,,,,,,,1944,40,1,,,1984,1944,PeterWeibel1984
Gabrielle Weigand,BRD,Frankfurt,,F,1984,,,,,,,,,1,,,1984,1900,GabrielleWeigand1984
Erich Loest,BRD,Osnabrück,,M,1983,1,1,ET,,,,1926,57,1,,4,1983,1926,ErichLoest1983
Monika Helfer-Friedrich,A,Bregenz,,F,1983,2,1,,,,,1947,36,1,,4,1983,1947,MonikaHelferFriedrich1983
Frank Werner,BRD,Berlin-West,,M,1983,3,1,,,,,1944,39,1,,4,1983,1944,FrankWerner1983
Martin R. Dean,CH,Basel,,M,1983,4,1,,,,,1955,28,1,,4,1983,1955,MartinRDean1983
Libuše Moníková,BRD,Bremen,,F,1983,5,1,,,,,1945,38,1,,4,1983,1945,LibušeMoníková1983
Godehard Schramm,BRD,Nürnberg,,M,1983,6,1,,,,,1943,40,1,,4,1983,1943,GodehardSchramm1983
Wolfgang Linder,A,Rankweil,,M,1983,7,1,,,,Ernst-Willner-Stipendium,1961,22,1,,4,1983,1961,WolfgangLinder1983
Martin Mosebach,BRD,Frankfurt,,M,1983,8,1,LT,,,,1951,32,1,,4,1983,1951,MartinMosebach1983
Hansjörg Schertenleib,CH,Zürich,,M,1983,1,2,ET,,,,1957,26,1,,4,1983,1957,HansjörgSchertenleib1983
Birgit Pausch,BRD,Florenz,,F,1983,2,2,,,,,1942,41,1,,4,1983,1942,BirgitPausch1983
Lisa Witasek,A,Salzburg,,F,1983,3,2,,,,,1956,27,1,,4,1983,1956,LisaWitasek1983
Romie Lie,CH,Bern,,F,1983,4,2,,,,,1954,29,1,,4,1983,1954,RomieLie1983
Roland Lang,BRD,Karlsruhe,,M,1983,5,2,,,,,1942,41,1,,4,1983,1942,RolandLang1983
Gerhard Köpf,BRD,München,,M,1983,6,2,,,,Preis der Klagenfurter Jury,1948,35,1,,4,1983,1948,GerhardKöpf1983
Jan Christ,BRD,Baltrum,,M,1983,7,2,,,,,1934,49,1,,4,1983,1934,JanChrist1983
Wolfgang Held,BRD,London,,M,1983,8,2,LT,,,,1930,53,1,,4,1983,1930,WolfgangHeld1983
Rainald Goetz,BRD,München,,M,1983,1,3,ET,,,,1954,29,1,,4,1983,1954,RainaldGoetz1983
Zsuzsanna Gahse,BRD,Stuttgart,,F,1983,2,3,,,,,1946,37,1,,4,1983,1946,ZsuzsannaGahse1983
Alban Nikolai Herbst,BRD,Frankfurt,,M,1983,3,3,,,,,1955,28,1,,4,1983,1955,AlbanNikolaiHerbst1983
Bodo Morshäuser,BRD,Berlin-West,,M,1983,4,3,,,,Ernst-Willner-Stipendium,1953,30,1,,4,1983,1953,BodoMorshäuser1983
Jochen Missfeldt,BRD,Stadum,,M,1983,5,3,,,,,1941,42,1,,4,1983,1941,JochenMissfeldt1983
Gudrun Brug,BRD,Berlin-West,,F,1983,6,3,,,,,1949,34,1,,4,1983,1949,GudrunBrug1983
Bettina Blumenberg,BRD,Bochum,,F,1983,7,3,,,,,1962,21,1,,4,1983,1962,BettinaBlumenberg1983
Karin Reschke,BRD,Berlin-West,,F,1983,8,3,LT,,,,1940,43,1,,4,1983,1940,KarinReschke1983
Uwe Herms,BRD,Hamburg,,M,1983,1,4,ET,,,Preis der Kärntner Industrie,1937,46,1,,4,1983,1937,UweHerms1983
Friederike Roth,BRD,Stuttgart,,F,1983,2,4,,,,Bachmann,1948,35,1,,4,1983,1948,FriederikeRoth1983
Michael Schneider,BRD,Wiesbaden,,M,1983,3,4,,,,,,,1,,4,1983,1900,MichaelSchneider1983
Andrea Wolfmayr,A,Gleisdorf,,F,1983,4,4,LT,,,,,,1,,4,1983,1900,AndreaWolfmayr1983
Brigitte Gutenbrunner,A,Wien,,F,1982,1,1,ET,,,,,,1,,4,1982,1900,BrigitteGutenbrunner1982
Johanna Walser,BRD,Berlin-West,,F,1982,2,1,,,,,1957,25,1,,4,1982,1957,JohannaWalser1982
Matthias Zschokke,CH,Berlin-West,,M,1982,3,1,,,,,1954,28,1,,4,1982,1954,MatthiasZschokke1982
Engelbert Obernosterer,A,Hermagor,,M,1982,4,1,,,,,1936,46,1,,4,1982,1936,EngelbertObernosterer1982
Erasmus Schöfer,BRD,Köln,,M,1982,5,1,,,,,1931,51,1,,4,1982,1931,ErasmusSchöfer1982
Birgitta Arens,BRD,Berlin-West,,F,1982,6,1,,,,Sonderpreis der Klagenfurter Jury,1948,34,1,,4,1982,1948,BirgittaArens1982
Udo Rabsch,BRD,Stuttgart,,M,1982,7,1,,,,,,,1,,4,1982,1900,UdoRabsch1982
Gerald Szyszkowitz,A,Wien,,M,1982,8,1,,,,,1938,44,1,,4,1982,1938,GeraldSzyszkowitz1982
Wolfgang Georg Fischer,A,London,,M,1982,9,1,LT,,,,1933,49,1,,4,1982,1933,WolfgangGeorgFischer1982
Roswitha Hamadani,A,Zürich,,F,1982,1,2,ET,,,,1944,38,1,,4,1982,1944,RoswithaHamadani1982
Friedrich Wilhelm Korff,BRD,Wennigsen,,M,1982,2,2,,,,,1939,43,1,,4,1982,1939,FriedrichWilhelmKorff1982
Jürgen Lodemann,BRD,Baden-Baden,,M,1982,3,2,,,,,1936,46,1,,4,1982,1936,JürgenLodemann1982
Eva Maria Alves,BRD,Hamburg,,F,1982,4,2,,,,,1940,42,1,,4,1982,1940,EvaMariaAlves1982
Irina Zaharescu,A,Innsbruck,,F,1982,5,2,,,,,1944,38,1,,4,1982,1944,IrinaZaharescu1982
Walter Klier,A,Innsbruck,,M,1982,6,2,LT,,,,1955,27,1,,4,1982,1955,WalterKlier1982
Ulla Berkéwicz,BRD,Hamburg,,F,1982,1,3,ET,,,Stipendium der Verleger,1951,31,1,,4,1982,1951,UllaBerkéwicz1982
Lothar Schöne,BRD,Mainz,,M,1982,2,3,,,,,1949,33,1,,4,1982,1949,LotharSchöne1982
Walter Vogl,A,Wien,,M,1982,3,3,,,,Stipendium der Verleger,1958,24,1,,4,1982,1958,WalterVogl1982
Michael Zeller,BRD,Nürnberg,,M,1982,4,3,,,,,1944,38,1,,4,1982,1944,MichaelZeller1982
Gerald Zschorsch,BRD,Frankfurt,,M,1982,5,3,,,,,1951,31,1,,4,1982,1951,GeraldZschorsch1982
Uwe Wolff,BRD,Münster,,M,1982,6,3,,,,,1955,27,1,,4,1982,1955,UweWolff1982
Hanns-Josef Ortheil,BRD,Wiesbaden,,M,1982,7,3,,,,,1951,31,1,,4,1982,1951,HannsJosefOrtheil1982
Einar Schleef,BRD,Berlin-West,,M,1982,8,3,,,,,1944,38,1,,4,1982,1944,EinarSchleef1982
Robert Gratzer,A,Klagenfurt,,M,1982,9,3,LT,,,,1948,34,1,,4,1982,1948,RobertGratzer1982
Alfred Gulden,BRD,München,,M,1982,1,4,ET,,,,1944,38,1,,4,1982,1944,AlfredGulden1982
Jochen Link,BRD,Hohensolms,,M,1982,2,4,,,,,1943,39,1,,4,1982,1943,JochenLink1982
Jutta Schutting,A,Wien,,F,1982,3,4,,,,,1937,45,1,,4,1982,1937,JuttaSchutting1982
Jürg Amann,CH,Uetikon am See,,M,1982,4,4,LT,,,Bachmann,1947,35,1,,4,1982,1947,JürgAmann1982
Emil Zopfi,CH,Zürich,,M,1981,1,1,ET,,,,1943,38,1,,4,1981,1943,EmilZopfi1981
Guntram Vesper,BRD,Göttingen,,M,1981,2,1,,,,,1941,40,1,,4,1981,1941,GuntramVesper1981
Pascal Morché,BRD,München,,M,1981,3,1,,,,,1957,24,1,,4,1981,1957,PascalMorché1981
Zbigniew Krempf,POL,Rzeszow,,M,1981,4,1,,,,,,,1,,4,1981,1900,ZbigniewKrempf1981
Michael Rößner,A,Wien,,M,1981,5,1,,,,,1953,28,1,,4,1981,1953,MichaelRößner1981
Rolf Niederhauser,CH,Basel,,M,1981,6,1,,,,,1951,30,1,,4,1981,1951,RolfNiederhauser1981
Ulrich Schacht,BRD,Hamburg,,M,1981,7,1,,,,,1951,30,1,,4,1981,1951,UlrichSchacht1981
Ilma Rakusa,BRD,Esslingen,,F,1981,8,1,LT,,,,1946,35,1,,4,1981,1946,IlmaRakusa1981
Elfriede Czurda,A,Wien,,F,1981,1,2,ET,,,,1946,35,1,,4,1981,1946,ElfriedeCzurda1981
Franz Mechsner,BRD,Tübingen,,M,1981,2,2,,,,von den Verlegern gestiftetes Stipendium,1953,28,1,,4,1981,1953,FranzMechsner1981
Günter Hein,BRD,Niederwerrn,,M,1981,3,2,,,,,1947,34,1,,4,1981,1947,GünterHein1981
Urs Jaeggi,BRD,Berlin-West,,M,1981,4,2,,,,Bachmann,1931,50,1,,4,1981,1931,UrsJaeggi1981
Dominik Brun,CH,Engelberg OW,,M,1981,5,2,,,,von den Verlegern gestiftetes Stipendium,1948,33,1,,4,1981,1948,DominikBrun1981
Margrit Schriber,CH,Rothrist,,F,1981,6,2,,,,,1939,42,1,,4,1981,1939,MargritSchriber1981
Christoph Burgauner,BRD,München,,M,1981,7,2,,,,,,,1,,4,1981,1900,ChristophBurgauner1981
Eva Demski,BRD,Frankfurt,,F,1981,8,2,LT,,,Preis der Klagenfurter Jury,1944,37,1,,4,1981,1944,EvaDemski1981
Andreas Nohl,BRD,Frankfurt,,M,1981,1,3,ET,,,,1954,27,1,,4,1981,1954,AndreasNohl1981
Pierre Imhasly,CH,Visp,,M,1981,2,3,,,,,1939,42,1,,4,1981,1939,PierreImhasly1981
Gisela Zies,BRD,Berlin-West,,F,1981,3,3,,,,,1939,42,1,,4,1981,1939,GiselaZies1981
Joseph Zoderer,Südtirol,Terenten,,M,1981,4,3,,,,,1935,46,1,,4,1981,1935,JosephZoderer1981
Klaus Hoffer,A,Graz,,M,1981,5,3,,,,,1942,39,1,,4,1981,1942,KlausHoffer1981
Adelheid Duvanel,CH,Basel,,F,1981,6,3,,,,,1936,45,1,,4,1981,1936,AdelheidDuvanel1981
Anton Dekan,,Tainach,,M,1981,7,3,,,,,1948,33,1,,4,1981,1948,AntonDekan1981
Frank-Wolf Matthies,BRD,Berlin-West,,M,1981,8,3,LT,,,,1951,30,1,,4,1981,1951,FrankWolfMatthies1981
Thomas Hürlimann,BRD,Berlin-West,,M,1981,1,4,ET,,,,1950,31,1,,4,1981,1950,ThomasHürlimann1981
Elisabeth Meylan,CH,Genf,,F,1981,2,4,,,,,1937,44,1,,4,1981,1937,ElisabethMeylan1981
Christoph Kubelka,A,Klagenfurt,,M,1981,3,4,,,,,,,1,,4,1981,1900,ChristophKubelka1981
Maja Beutler,CH,Bern,,F,1981,4,4,LT,,,,1936,45,1,,4,1981,1936,MajaBeutler1981
Ursula Adam,BRD,Klagenfurt,,F,1980,,,,,,,1922,58,1,,,1980,1922,UrsulaAdam1980
Elisabeth Albertsen,BRD,Bad Vilbel,,F,1980,,,,,,,1939,41,1,,,1980,1939,ElisabethAlbertsen1980
Margrit Baur,CH,Adliswil,,F,1980,,,,,,,1937,43,1,,,1980,1937,MargritBaur1980
Hans Christoph Buch,BRD,Berlin-West,,M,1980,,,,,,,1944,36,1,,,1980,1944,HansChristophBuch1980
Margrit von Dach,CH,Paris,,F,1980,,,,,,,1946,34,1,,,1980,1946,MargritvonDach1980
Hans Drawe,BRD,Heppenheim,,M,1980,,,,,,,1942,38,1,,,1980,1942,HansDrawe1980
Roderich Feldes,BRD,Eschenburg,,M,1980,,,,,,,1946,34,1,,,1980,1946,RoderichFeldes1980
Waltraud Friz,A,Villach,,F,1980,,,,,,,,,1,,,1980,1900,WaltraudFriz1980
Anton Fuchs,A,Klagenfurt,,M,1980,,,,,,,1920,60,1,,,1980,1920,AntonFuchs1980
Christoph Geiser,CH,Bern,,M,1980,,,,,,,1949,31,1,,,1980,1949,ChristophGeiser1980
Henning Grunwald,BRD,Erlangen,,M,1980,,,,,,,1942,38,1,,,1980,1942,HenningGrunwald1980
Martin Grzimek,BRD,Heidelberg,,M,1980,,,,,,,1950,30,1,,,1980,1950,MartinGrzimek1980
Christine Haidegger,A,Salzburg,,F,1980,,,,,,,1942,38,1,,,1980,1942,ChristineHaidegger1980
Margarete Jehn,BRD,Worpswede,,F,1980,,,,,,,1935,45,1,,,1980,1935,MargareteJehn1980
Anna Jonas,BRD,Berlin-West,,F,1980,,,,,,Verlegerpreis,,,1,,,1980,1900,AnnaJonas1980
Hermann Kinder,BRD,Konstanz,,M,1980,,,,,,,1944,36,1,,,1980,1944,HermannKinder1980
Bodo Kirchhoff,BRD,Frankfurt,,M,1980,,,,,,,1948,32,1,,,1980,1948,BodoKirchhoff1980
Brigitte Kronauer,BRD,Hamburg,,F,1980,,,,,,,1940,40,1,,,1980,1940,BrigitteKronauer1980
Jürgen Lodemann,BRD,Karlsruhe,,M,1980,,,,,,,1936,44,1,,,1980,1936,JürgenLodemann1980
Klaus Merz,CH,Unterkulm,,M,1980,,,,,,,1945,35,1,,,1980,1945,KlausMerz1980
Sten Nadolny,BRD,Berlin-West,,M,1980,,,,,,Bachmann,1942,38,1,,,1980,1942,StenNadolny1980
Edwin Ortmann,BRD,München,,M,1980,,,,,,,1941,39,1,,,1980,1941,EdwinOrtmann1980
Ingrid Puganigg,A,Höchst (Vorarlberg),,F,1980,,,,,,ein Stipendium,1947,33,1,,,1980,1947,IngridPuganigg1980
Renate Rasp,BRD,München,,F,1980,,,,,,,1935,45,1,,,1980,1935,RenateRasp1980
Peter Renz,BRD,Weingarten,,M,1980,,,,,,,1946,34,1,,,1980,1946,PeterRenz1980
Martin Roda Becher,CH,Basel,,M,1980,,,,,,,1944,36,1,,,1980,1944,MartinRodaBecher1980
Peter Roos,BRD,Bochum,,M,1980,,,,,,,1950,30,1,,,1980,1950,PeterRoos1980
Peter Schalmey,BRD,München,,M,1980,,,,,,,,,1,,,1980,1900,PeterSchalmey1980
Jurek Becker,BRD,Berlin-West,,M,1979,,,,,,,,,1,,,1979,1900,JurekBecker1979
Franz Böni,CH,Zürich,,M,1979,,,,,,,1952,27,1,,,1979,1952,FranzBöni1979
Jan Christ,BRD,Jesteburg,,M,1979,,,,,,,1934,45,1,,,1979,1934,JanChrist1979
Helmut Degner,A,München,,M,1979,,,,,,,1929,50,1,,,1979,1929,HelmutDegner1979
Ernst-Jürgen Dreyer,BRD,Murnau,,M,1979,,,,,,,1934,45,1,,,1979,1934,ErnstJürgenDreyer1979
Gunter Falk,A,Graz,,M,1979,,,,,,,1942,37,1,,,1979,1942,GunterFalk1979
Maria Felsenreich,A,Wien,,F,1979,,,,,,,,,1,,,1979,1900,MariaFelsenreich1979
Markus Fenner,BRD,München/Pullach,,M,1979,,,,,,,1950,29,1,,,1979,1950,MarkusFenner1979
Marianne Gruber,A,Wien,,F,1979,,,,,,,1944,35,1,,,1979,1944,MarianneGruber1979
Lukas Hartmann,CH,Bern,,M,1979,,,,,,,1944,35,1,,,1979,1944,LukasHartmann1979
Gert Hofmann,BRD,Klagenfurt,,M,1979,,,,,,Bachmann,1931,48,1,,,1979,1931,GertHofmann1979
Heribert Hopf,BRD,München,,M,1979,,,,,,,1936,43,1,,,1979,1936,HeribertHopf1979
Karl Günther Hufnagel,BRD,München,,M,1979,,,,,,,1928,51,1,,,1979,1928,KarlGüntherHufnagel1979
Katrine von Hutten,BRD,"Lohr am Main/Steinbach (Lohr am Main)
",,F,1979,,,,,,,1944,35,1,,,1979,1944,KatrinevonHutten1979
Hanna Johansen,CH,Kilchberg,,F,1979,,,,,,,1939,40,1,,,1979,1939,HannaJohansen1979
Diana Kempff,BRD,Ammerland,,F,1979,,,,,,,1945,34,1,,,1979,1945,DianaKempff1979
Paul Kersten,BRD,Hamburg,,M,1979,,,,,,,1943,36,1,,,1979,1943,PaulKersten1979
Klaus Konjetzky,BRD,München,,M,1979,,,,,,,1943,36,1,,,1979,1943,KlausKonjetzky1979
Dieter Kühn,BRD,Düren,,M,1979,,,,,,,1935,44,1,,,1979,1935,DieterKühn1979
Martin Luksan,A,Wien,,M,1979,,,,,,,1947,32,1,,,1979,1947,MartinLuksan1979
Dorothea Macheiner,A,Salzburg,,F,1979,,,,,,,1943,36,1,,,1979,1943,DorotheaMacheiner1979
Ernst Nowak,A,Wien,,M,1979,,,,,,,1944,35,1,,,1979,1944,ErnstNowak1979
Doris Richter,BRD,Frankfurt,,F,1979,,,,,,,,,1,,,1979,1900,DorisRichter1979
Erich Wolfgang Skwara,A,Salzburg,,M,1979,,,,,,,1948,31,1,,,1979,1948,ErichWolfgangSkwara1979
Josef Winkler,A,Klagenfurt,,M,1979,,,,,,Sonderpreis der Klagenfurter Jury,1953,26,1,,,1979,1953,JosefWinkler1979
Gerald Zschorsch,BRD,Pohlheim,,M,1979,,,,,,,1951,28,1,,,1979,1951,GeraldZschorsch1979
Walter Müller,A,Salzburg,,M,1979,,,,,,Stipendium,,,1,,,1979,1900,WalterMüller1979
Katja Behrens,BRD,Almendfeld,,F,1978,,,,,,Stipendium,1942,36,1,,,1978,1942,KatjaBehrens1978
Hermann Burger,CH,Küttigen,,M,1978,,,,,,,1942,36,1,,,1978,1942,HermannBurger1978
Catarina Carsten,BRD/A,Puch bei Salzburg,,F,1978,,,,,,,1920,58,1,,,1978,1920,CatarinaCarsten1978
Jeannie Ebner,A,Wien,,F,1978,,,,,,,1918,60,1,,,1978,1918,JeannieEbner1978
Helmut Eisendle,A,München,,M,1978,,,,,,,1939,39,1,,,1978,1939,HelmutEisendle1978
Ludwig Fels,B,Nürnberg,,M,1978,,,,,,,1946,32,1,,,1978,1946,LudwigFels1978
Herbert Fleck,A,Neumarkt,,M,1978,,,,,,,,,1,,,1978,1900,HerbertFleck1978
Christoph Geiser,CH,Bern,,M,1978,,,,,,,1949,29,1,,,1978,1949,ChristophGeiser1978
Heidulf Gerngross,A,Wien,,M,1978,,,,,,,1939,39,1,,,1978,1939,HeidulfGerngross1978
Christine Haidegger,A,Salzburg,,F,1978,,,,,,,1942,36,1,,,1978,1942,ChristineHaidegger1978
Hermann Kinder,BRD,Konstanz,,M,1978,,,,,,,1944,34,1,,,1978,1944,HermannKinder1978
Ursula Krechel,BRD,Frankfurt,,F,1978,,,,,,,1947,31,1,,,1978,1947,UrsulaKrechel1978
Gertrud Leutenegger,CH,Uetikon am See,,F,1978,,,,,,Sonderpreis der Klagenfurter Jury,1948,30,1,,,1978,1948,GertrudLeutenegger1978
Angelika Mechtel,BRD,München,,F,1978,,,,,,,1943,35,1,,,1978,1943,AngelikaMechtel1978
E. Y. Meyer,CH,Wabern,,M,1978,,,,,,,1946,32,1,,,1978,1946,EYMeyer1978
Engelbert Obernosterer,A,Hermagor,,M,1978,,,,,,,1936,42,1,,,1978,1936,EngelbertObernosterer1978
Hanns-Josef Ortheil,BRD,Wiesbaden,,M,1978,,,,,,,1951,27,1,,,1978,1951,HannsJosefOrtheil1978
Erika Pedretti,CH,La Neuveville,,F,1978,,,,,,,1930,48,1,,,1978,1930,ErikaPedretti1978
Ulrich Plenzdorf,DDR,Berlin-Ost,,M,1978,,,,,,Bachmann,1934,44,1,,,1978,1934,UlrichPlenzdorf1978
Peter Renz,BRD,Weingarten,,M,1978,,,,,,,1946,32,1,,,1978,1946,PeterRenz1978
Eva Schindler,BRD,München,,F,1978,,,,,,,,,1,,,1978,1900,EvaSchindler1978
Jutta Schutting,A,Wien,,F,1978,,,,,,,1937,41,1,,,1978,1937,JuttaSchutting1978
Helga Schütz,DDR,Groß Glienicke,,F,1978,,,,,,,1937,41,1,,,1978,1937,HelgaSchütz1978
Hannelies Taschau,BRD,Hameln,,F,1978,,,,,,,1937,41,1,,,1978,1937,HanneliesTaschau1978
O. P. Zier,A,Lend,,M,1978,,,,,,,1954,24,1,,,1978,1954,OPZier1978
Rolf Schneider,DDR,Schöneiche,,M,1977,1,1,ET,,,,1932,45,1,,3,1977,1932,RolfSchneider1977
Hermann Friedl,A,Weissenau,,M,1977,2,1,,,,,1920,57,1,,3,1977,1920,HermannFriedl1977
Walter Kappacher,A,Salzburg,,M,1977,3,1,,,,,1938,39,1,,3,1977,1938,WalterKappacher1977
Gerhard Meier,CH,Niederbipp,,M,1977,4,1,,,,,1917,60,1,,3,1977,1917,GerhardMeier1977
Heinz Pototschnig,A,Villach,,M,1977,5,1,,,,,1923,54,1,,3,1977,1923,HeinzPototschnig1977
Godehard Schramm,BRD,Nürnberg,,M,1977,6,1,,,,,1943,34,1,,3,1977,1943,GodehardSchramm1977
Peter Schalmey,BRD,München,,M,1977,7,1,,,,,1949,28,1,,3,1977,1949,PeterSchalmey1977
Dieter Kühn,BRD,Düren,,M,1977,8,1,LT,,,,1935,42,1,,3,1977,1935,DieterKühn1977
Jörg Laederach,CH,Bottmingen,,M,1977,9,2,ET,,,,1945,32,1,,3,1977,1945,JörgLaederach1977
Gert Jonke,D,Klagenfurt,,M,1977,10,2,,,,Bachmann,1946,31,1,,3,1977,1946,GertJonke1977
Karin Struck,BRD,Münster,,F,1977,11,2,,,,,1947,30,1,,3,1977,1947,KarinStruck1977
Uwe Bolius,A,Wien,,M,1977,12,2,,,,,1940,37,1,,3,1977,1940,UweBolius1977
Marie Thérèse Kerschbaumer,A,Wien,,F,1977,13,2,,,,,1936,41,1,,3,1977,1936,MarieThérèseKerschbaumer1977
Herbert Eisenreich,A,Tamsweg,,M,1977,14,2,,,,,1925,52,1,,3,1977,1925,HerbertEisenreich1977
Hans J. Fröhlich,BRD,München,,M,1977,15,2,,,,Sonderpreis der Klagenfurter Jury,1932,45,1,,3,1977,1932,HansJFröhlich1977
Maria Elisabeth Straub,BRD,Hamburg,,F,1977,16,2,LT,,,,1943,34,1,,3,1977,1943,MariaElisabethStraub1977
Klaus Stiller,BRD,Berlin-West,,M,1977,17,3,ET,,,,1941,36,1,,3,1977,1941,KlausStiller1977
Renate Schostack,BRD,Frankfurt,,F,1977,18,3,,,,Stipendium,1938,39,1,,3,1977,1938,RenateSchostack1977
Horst Bienek,BRD,Ottobrunn,,M,1977,19,3,,,,,1930,47,1,,3,1977,1930,HorstBienek1977
Vintila Ivanceanu,A,Wien,,M,1977,20,3,,,,,1940,37,1,,3,1977,1940,VintilaIvanceanu1977
Elisabeth Plessen,BRD,Berlin-West,,F,1977,21,3,,,,,1944,33,1,,3,1977,1944,ElisabethPlessen1977
Jost Perfahl,BRD,München,Linz,M,1977,22,3,,,,,,,1,,3,1977,1900,JostPerfahl1977
Reto Hänny,CH,Zürich,,M,1977,23,3,LT,,,,1947,30,1,,3,1977,1947,RetoHänny1977
