,author_id,first_name,middle_name,last_name,birth_date,birth_place,gender,has_wikipedia,website,literaturinstitut,has_phd
0,0,Reto,,Hänny,1947-04-13,,male,True,,,
1,1,Jost,,Perfahl,,,male,False,,,
2,2,Elisabeth,,Plessen,1944-03-15,,female,True,,,
3,3,Vintila,,Ivanceanu,1940-12-26,,male,True,,,
4,4,Horst,,Bienek,1930-05-07,,male,True,,,
5,5,Renate,,Schostack,1938-01-10,,female,True,,,
6,6,Klaus,,Stiller,1941-04-15,,male,True,,,
7,7,Maria,Elisabeth,Straub,1943-11-15,,female,True,,,
8,8,Hans-Jürgen,,Fröhlich,1932-08-04,,male,True,,,
9,9,Herbert,,Eisenreich,1925-02-07,,male,True,,,
10,10,Marie-Thérèse,,Kerschbaumer,1936-08-31,,female,True,,,
11,11,Uwe,,Bolius,1940-08-06,,male,True,,,
12,12,Karin,,Struck,1947-05-14,,female,True,,,
13,13,Gert,,Jonke,1946-02-08,,male,True,,,
14,14,Jürg,,Laederach,1945-12-20,,male,True,,,
15,15,Dieter,,Kühn,1935-02-01,,male,True,,,
16,16,Peter,,Schalmey,,,male,False,,,
17,17,Godehard,,Schramm,1943-12-24,,male,True,,,
18,18,Heinz,,Pototschnig,1923-06-30,,male,True,,,
19,19,Gerhard,,Meier,1917-06-20,,male,True,,,
20,20,Walter,,Kappacher,1938-10-24,,male,True,,,
21,21,Hermann,,Friedl,1920-02-21,,male,True,,,
22,22,Rolf,,Schneider,1932-04-17,,male,True,,,
23,23,O.,P.,Zier,1954-10-20,,male,True,,,
24,24,Hannelies,,Taschau,1937-04-26,,female,True,,,
25,25,Helga,,Schütz,1937-10-02,,female,True,,,
26,26,Jutta,,Schutting,1937-10-25,,female,True,,,
27,27,Eva,,Schindler,1930-05-12,,female,True,,,
28,28,Peter,,Renz,1946-06-08,,male,True,,,
29,29,Ulrich,,Plenzdorf,1934-10-26,,male,True,,,
30,30,Erica,,Pedretti,1930-02-25,,female,True,,,
31,31,Hanns-Josef,,Ortheil,1951-11-05,,male,True,,,
32,32,Engelbert,,Obernosterer,1936-12-28,,male,True,,,
33,33,E.,Y.,Meyer,1946-10-11,,male,True,,,
34,34,Angelika,,Mechtel,1943-08-26,,female,True,,,
35,35,Gertrud,,Leutenegger,1948-12-07,,female,True,,,
36,36,Ursula,,Krechel,1947-12-04,,female,True,,,
37,37,Hermann,,Kinder,1944-05-18,,male,True,,,
38,38,Christine,,Haidegger,1942-02-27,,female,True,,,
39,39,Heidulf,,Gerngross,1939-07-01,,male,True,,,
40,40,Christoph,,Geiser,1949-08-03,,male,True,,,
41,41,Herbert,,Fleck,1941-07-01,,male,True,,,
42,42,Ludwig,,Fels,1946-11-27,,male,True,,,
43,43,Helmut,,Eisendle,1939-01-12,,male,True,,,
44,44,Jeannie,,Ebner,1918-11-17,,female,True,,,
45,45,Catarina,,Carsten,1920-04-23,,female,True,,,
46,46,Hermann,,Burger,1942-07-10,,male,True,,,
47,47,Katja,,Behrens,1942-12-18,,female,True,,,
48,48,Walter,,Müller,1950-07-01,,male,True,,,
49,49,Gerald,,Zschorsch,1951-12-25,,male,True,,,
50,50,Josef,,Winkler,1953-03-03,,male,True,http://archiv.bachmannpreis.orf.at/25_jahre/1996/autoren_1996.htm,,
51,51,Erich,Wolfgang,Skwara,1948-11-04,,male,True,,,
52,52,Doris,,Richter,,,female,False,,,
53,53,Ernst,,Nowak,1944-03-13,,male,True,,,
54,54,Dorothea,,Macheiner,1943-03-21,,female,True,,,
55,55,Martin,,Luksan,1947-07-01,,male,True,,,
56,56,Klaus,,Konjetzky,1943-05-02,,male,True,,,
57,57,Paul,,Kersten,1943-06-23,,male,True,,,
58,58,Diana,,Kempff,1945-06-11,,female,True,,,
59,59,Hanna,,Johansen,1939-06-17,,female,True,,,
60,60,Katrine,von,Hutten,1944-05-03,,female,True,,,
61,61,Karl,Günther,Hufnagel,1928-07-21,,male,True,,,
62,62,Heribert,,Hopf,1936-02-14,,male,True,,,
63,63,Gert,,Hofmann,1931-01-29,,male,True,,,
64,64,Lukas,,Hartmann,1944-08-29,,male,True,,,
65,65,Marianne,,Gruber,1944-06-04,,female,True,,,
66,66,Markus,,Fenner,,,male,False,,,
67,67,Maria,,Felsenreich,,,female,False,,,
68,68,Gunter,,Falk,1942-10-26,,male,True,,,
69,69,Ernst-Jürgen,,Dreyer,1934-08-20,,male,True,,,
70,70,Helmut,,Degner,1929-03-24,,male,True,,,
71,71,Jan,,Christ,1934-06-28,,male,True,,,
72,72,Franz,,Böni,1952-06-17,,male,True,,,
73,73,Jurek,,Becker,1937-01-30,,male,True,,,
74,74,Peter,,Roos,1950-06-30,,male,True,,,
75,75,Martin,Roda,Becher,1944-10-21,,male,True,,,
76,76,Renate,,Rasp,1935-01-03,,female,True,,,
77,77,Ingrid,,Puganigg,1947-07-01,,female,True,,,
78,78,Edwin,,Ortmann,1941-03-05,,male,True,,,
79,79,Sten,,Nadolny,1942-07-29,,male,True,,,
80,80,Klaus,,Merz,1945-10-03,,male,True,,,
81,81,Jürgen,,Lodemann,1936-03-28,,male,True,,,
82,82,Brigitte,,Kronauer,1940-12-29,,female,True,,,
83,83,Bodo,,Kirchhoff,1948-07-06,,male,True,,,
84,84,Anna,,Jonas,1944-06-08,,female,True,,,
85,85,Margarete,,Jehn,1935-02-27,,female,True,,,
86,86,Martin,,Grzimek,1950-04-08,,male,True,,,
87,87,Henning,,Grunwald,1942-01-09,,male,True,,,
88,88,Anton,,Fuchs,1920-01-29,,male,True,,,
89,89,Waltraud,,Friz,,,female,False,,,
90,90,Roderich,,Feldes,1946-12-21,,male,True,,,
91,91,Hans,,Drawe,1942-07-01,,male,True,,,
92,92,Margrit,von,Dach,1946-06-24,,female,True,,,
93,93,Hans,Christoph,Buch,1944-04-13,,male,True,,,
94,94,Margrit,,Baur,1937-10-09,,female,True,,,
95,95,Elisabeth,,Albertsen,1939-09-15,,female,True,,,
96,96,Ursula,,Adam,1922-11-13,,female,True,,,
97,97,Maja,,Beutler,1936-12-08,,female,True,,,
98,98,Christoph,,Kubelka,,,male,False,,,
99,99,Elisabeth,,Meylan,1937-06-14,,female,True,,,
100,100,Thomas,,Hürlimann,1950-12-21,,male,True,,,
101,101,Frank-Wolf,,Matthies,1951-10-04,,male,True,,,
102,102,Anton,,Dekan,1948-12-18,,male,True,,,
103,103,Adelheid,,Duvanel,1936-04-23,,female,True,,,
104,104,Klaus,,Hoffer,1942-12-27,,male,True,,,
105,105,Joseph,,Zoderer,1935-11-25,,male,True,,,
106,106,Gisela,,Zies,1939-06-13,,female,True,,,
107,107,Pierre,,Imhasly,1939-11-14,,male,True,,,
108,108,Andreas,,Nohl,1954-08-26,,male,True,,,
109,109,Eva,,Demski,,,female,True,,,
110,110,Christoph,,Burgauner,1944-05-12,,male,False,,,
111,111,Margrit,,Schriber,1939-06-04,,female,True,,,
112,112,Dominik,,Brun,1948-08-21,,male,True,,,
113,113,Urs,,Jaeggi,1931-06-23,,male,True,,,
114,114,Günter,,Hein,,,male,False,,,
115,115,Franz,,Mechsner,1953-10-22,,male,True,,,
116,116,Elfriede,,Czurda,1946-04-25,,female,True,,,
117,117,Ilma,,Rakusa,1946-01-02,,female,True,,,
118,118,Ulrich,,Schacht,1951-03-09,,male,True,,,
119,119,Rolf,,Niederhauser,1951-10-25,,male,True,,,
120,120,Michael,,Rößner,,,male,False,,,
121,121,Zbigniew,,Krempf,,,male,False,,,
122,122,Pascal,,Morché,,,male,False,,,
123,123,Guntram,,Vesper,1941-05-28,,male,True,,,
124,124,Emil,,Zopfi,1943-01-04,,male,True,,,
125,125,Matthias,,Zschokke,1954-10-29,,male,True,,,
126,126,Michael,,Zeller,1944-10-29,,male,True,,,
127,127,Irina,,Zaharescu,,,female,False,,,
128,128,Uwe,,Wolff,,,male,False,,,
129,129,Johanna,,Walser,1957-04-03,,female,True,,,
130,130,Walter,,Vogl,1958-12-26,,male,True,,,
131,131,Lothar,,Schöne,1949-07-16,,male,True,,,
132,132,Erasmus,,Schöfer,1931-06-04,,male,True,,,
133,133,Einar,,Schleef,1944-01-17,,male,True,,,
134,134,Gerald,,Szyszkowitz,1938-07-22,,male,True,,,
135,135,Udo,,Rabsch,1944-07-01,,male,True,,,
136,136,Jochen,,Link,1943-05-09,,male,True,,,
137,137,Friedrich,Wilhelm,Korff,1939-12-29,,male,True,,,
138,138,Walter,,Klier,1955-07-05,,male,True,,,
139,139,Roswitha,,Hamadani,1944-08-07,,female,True,,,
140,140,Brigitte,,Gutenbrunner,,,female,False,,,
141,141,Alfred,,Gulden,1944-01-25,,male,True,,,
142,142,Robert,,Gratzer,1948-07-09,,male,True,,,
143,143,Wolfgang,Georg,Fischer,1933-10-24,,male,True,,,
144,144,Ulla,,Berkéwicz,1948-11-05,,female,True,,,
145,145,Birgitta,,Arens,1948-11-16,,female,True,,,
146,146,Jürg,,Amann,1947-07-02,,male,True,,,
147,147,Eva,Maria,Alves,,,female,False,,,
148,148,Andrea,,Wolfmayr,1953-07-16,,female,True,,,
149,149,Michael,,Schneider,1943-04-04,,male,True,,,
150,150,Friederike,,Roth,1948-04-06,,female,True,,,
151,151,Uwe,,Herms,1937-09-09,,male,True,,,
152,152,Karin,,Reschke,1940-09-17,,female,True,,,
153,153,Bettina,,Blumenberg,1947-12-17,,female,True,,,
154,154,Gudrun,,Brug,1949-06-10,,female,True,,,
155,155,Jochen,,Missfeldt,1941-01-26,,male,True,,,
156,156,Bodo,,Morshäuser,1953-02-28,,male,True,,,
157,157,Alban,Nikolai,Herbst,1955-02-07,,male,True,http://archiv.bachmannpreis.orf.at/25_jahre/1996/autoren_1996.htm,,
158,158,Zsuzsanna,,Gahse,1946-06-27,,female,True,,,
159,159,Rainald,,Goetz,1954-05-24,,male,True,,,
160,160,Wolfgang,,Held,1933-08-15,,male,True,,,
161,161,Gerhard,,Köpf,1948-09-19,,male,True,,,
162,162,Roland,,Lang,1942-04-02,,male,True,,,
163,163,Romie,,Lie,1954-06-07,,female,True,,,
164,164,Lisa,,Witasek,1956-03-08,,female,True,,,
165,165,Birgit,,Pausch,1942-02-07,,female,True,,,
166,166,Hansjörg,,Schertenleib,1957-11-04,,male,True,,,
167,167,Martin,,Mosebach,1951-07-31,,male,True,,,
168,168,Wolfgang,,Linder,1961-08-07,,male,True,,,
169,169,Libuše,,Moníková,1945-08-30,,female,True,,,
170,170,Martin,R.,Dean,1955-07-17,,male,True,,,
171,171,Frank,,Werner,1944-05-07,,male,True,,,
172,172,Erich,,Loest,1926-02-24,,male,True,,,
173,173,Gabrielle,,Weigand,,,female,False,,,
174,174,Peter,,Weibel,,,male,False,,,
175,175,Keto,von,Waberer,1942-02-24,,female,True,,,
176,176,Ralf,,Thenior,1945-06-04,,male,True,,,
177,177,Thomas,,Strittmatter,1961-12-18,,male,True,,,
178,178,Harald,,Strätz,1951-07-17,,male,True,,,
179,179,Beat,,Sterchi,1949-12-12,,male,True,,,
180,180,Kristin,T.,Schnider,1960-07-01,,female,True,,,
181,181,Eva,,Schmidt,1952-05-17,,female,True,,,
182,182,Evelyn,,Schlag,1952-12-22,,female,True,,,
183,183,Ernst,Alexander,Rauter,1929-04-27,,male,True,,,
184,184,Helen,,Meier,1929-04-17,,female,True,,,
185,185,Norbert,,Loacker,1939-07-22,,male,True,,,
186,186,Hans-Jürgen,,Kühn,,,male,False,,,
187,187,Jörg,,Krichbaum,1945-11-02,,male,True,,,
188,188,Marcel,,Konrad,1954-05-06,,male,True,,,
189,189,Michael,,Köhlmeier,1949-10-15,,male,True,,,
190,190,Wolfgang,,Hegewald,1952-03-26,,male,True,,,
191,191,Josef,,Haslinger,1955-07-05,,male,True,,,
192,192,Jörg,,Fauser,1944-07-16,,male,True,,,
193,193,Wolf-Dieter,,Eigner,1952-10-17,,male,True,,,
194,194,Gerd-Peter,,Eigner,1942-04-21,,male,True,,,
195,195,Jochen,,Beyse,1949-10-15,,male,True,,,
196,196,Ginka,,Steinwachs,1942-10-31,,female,True,,,
197,197,Angelika,,Stark,,,female,False,,,
198,198,Heinz,,Stalder,1939-07-01,,male,True,,,
199,199,Joachim,,Scholz,1924-10-21,,male,True,,,
200,200,Hartmut,,Riederer,1942-07-11,,male,True,,,
201,201,Elena,,Richterich,,,female,False,,,
202,202,Oskar,von,Reuth,,,male,False,,,
203,203,Linda,,Pfeiffer,1948-05-25,,female,True,,,
204,204,Waltraud,Anna,Mitgutsch,1948-10-02,,female,True,,,
205,205,Hans,,Meyer-Hörstgen,1948-07-01,,male,True,,,
206,206,Birgit,,Kempker,1956-05-28,,female,True,http://archiv.bachmannpreis.orf.at/bp_2000/autoren/fs_autoren.html,,
207,207,Margrit,,Irgang,1948-01-08,,female,True,,,
208,208,Gert,,Heidenreich,1944-03-30,,male,True,,,
209,209,Elfi,,Hartenstein,1946-08-18,,female,True,,,
210,210,Peter,,Grosz,1947-09-18,,male,True,,,
211,211,Günther,,Freitag,1952-02-29,,male,True,,,
212,212,Dante,Andrea,Franzetti,1959-12-21,,male,True,,,
213,213,Lilian,,Faschinger,1950-04-29,,female,True,,,
214,214,Josef,,Einwanger,1935-02-08,,male,True,,,
215,215,Fritz,H.,Dinkelmann,1950-02-14,,male,True,,,
216,216,Assen,,Asenov,,,male,False,,,
217,217,Nora,,Schmitt,1924-10-11,,female,True,,,
218,218,Andreas,,Reiter,,,male,False,,,
219,219,Arnulf,,Ploder,1955-07-01,,male,True,,,
220,220,Anita,,Pichler,1948-01-28,,female,True,,,
221,221,Jost,,Nickel,1958-03-11,,male,True,,,
222,222,Henrike,,Leonhardt,1943-12-07,,female,True,,,
223,223,Katja,,Lange-Müller,1951-02-13,,female,True,,,
224,224,Friederike,,Kretzen,1956-07-20,,female,True,,,
225,225,Bettina,,Klix,1961-03-27,,female,True,,,
226,226,Wolfgang,,Hermann,1961-09-27,,male,True,,,
227,227,Lukas,,Hammerstein,1958-05-04,,male,True,http://archiv.bachmannpreis.orf.at/bp2003/,,
228,228,Daniel,,Grolle,1963-01-15,,male,True,,,
229,229,Evelyn,,Grill,1942-01-15,,female,True,,,
230,230,Armin,,Gatterer,1959-05-09,,male,True,,,
231,231,Gerhard,,Falkner,1951-03-15,,male,True,,,
232,232,Daniela,,Castner,1948-05-16,,female,True,,,
233,233,Christiane,,Binder-Gasper,1935-04-12,,female,True,,,
234,234,Thorsten,,Becker,1958-09-04,,male,True,,,
235,235,Joseph,von,Westphalen,1945-06-26,,male,True,,,
236,236,Martin,,Stephan,1945-08-10,,male,True,,,
237,237,Manfred,,Seiler,1952-07-01,,male,True,,,
238,238,Maria,,Seidemann,1944-10-16,,female,True,,,
239,239,Uwe,,Saeger,1948-01-03,,male,True,,,
240,240,Linde,,Rotta,1937-07-02,,female,True,,,
241,241,Manfred,,Maurer,1958-11-08,,male,True,,,
242,242,Irina,,Liebmann,1943-07-23,,female,True,,,
243,243,Anna,,Langhoff,1965-05-30,,female,True,,,
244,244,Barbara,,Honigmann,1949-02-12,,female,True,,,
245,245,Paulus,,Hochgatterer,1961-07-16,,male,True,,,
246,246,Jutta,,Heinrich,1940-04-04,,female,True,,,
247,247,Friedrich,,Hahn,1952-05-03,,male,True,,,
248,248,Claudia,,Guderian,1952-03-04,,female,True,,,
249,249,Werner,,Fritsch,1960-05-04,,male,True,,,
250,250,Claudia,,Erdheim,1945-10-06,,female,True,,,
251,251,Urs,,Allemann,1948-04-01,,male,True,,,
252,252,Ursula,,Adam-Kabas,1950-06-27,,female,True,,,
253,253,Michael,,Wildenhain,1958-09-20,,male,True,,,
254,254,Hans-Eckardt,,Wenzel,1955-07-31,,male,True,,,
255,255,Brigitte,,Struzyk,1946-04-02,,female,True,,,
256,256,Flavio,,Steimann,1945-12-13,,male,True,,,
257,257,Elisabeth,,Reichart,1953-11-19,,female,True,http://archiv.bachmannpreis.orf.at/25_jahre/1997/autoren_1997.htm,,
258,258,Angela,,Praesent,1945-03-29,,female,True,,,
259,259,Andreas,,Neumeister,1959-09-16,,male,True,,,
260,260,Klaus,,Modick,1951-05-03,,male,True,,,
261,261,Jochen,,Langer,1953-11-14,,male,True,,,
262,262,Angela,,Krauß,1950-05-02,,female,True,,,
263,263,Christoph,,Keller,1963-12-22,,male,True,,,
264,264,Alios,,Haider,,,male,False,,,
265,265,Peter,,Haffner,1953-01-29,,male,True,,,
266,266,Anselm,,Glück,1950-01-28,,male,True,,,
267,267,Bernhard,,Gierds,,,male,False,,,
268,268,Hartmut,,Geerken,1939-01-15,,male,True,,,
269,269,Günter,,Franzen,1947-01-17,,male,True,,,
270,270,Wolfgang,de,Bruyn,1951-07-01,,male,True,,,
271,271,Rudolf,,Brun,,,male,False,,,
272,272,Sylvia,,Brandis,1959-07-01,,female,True,,,
273,273,Natascha,,Wodin,1945-12-08,,female,True,,,
274,274,Bruno,,Steiger,1946-06-03,,male,True,http://archiv.bachmannpreis.orf.at/25_jahre/1997/autoren_1997.htm,,
275,275,Split,,,,,male,False,,,
276,276,Alois,,Schöpf,1950-10-05,,male,True,,,
277,277,Bernd,,Schirmer,1940-02-23,,male,True,,,
278,278,Gernot,,Ragger,1959-10-26,,male,True,,,
279,279,Sabine,,Peters,1961-01-17,,female,True,,,
280,280,Franz,,Meisl,,,male,False,,,
281,281,Peter,,Kurzeck,1943-06-10,,male,True,,,
282,282,Angelika,,Klüssendorf,1958-10-26,,female,True,,,
283,283,Gabi,,Kachold,,,female,False,,,
284,284,Wolfgang,,Hilbig,1941-08-31,,male,True,,,
285,285,Thomas,,Hettche,1964-11-30,,male,True,,,
286,286,Kerstin,,Hensel,1961-05-29,,female,True,,,
287,287,Eberhard,,Häfner,1941-10-24,,male,True,,,
288,288,Norbert,,Gstrein,1961-06-03,,male,True,,,
289,289,Martin,,Ahrends,1951-03-20,,male,True,,,
290,290,Birgit,,Vanderbeke,1956-08-08,,female,True,,,
291,291,Stefan,,Tomas,1943-02-12,,male,True,,,
292,292,Alain,Claude,Sulzer,1953-02-17,,male,True,,,
293,293,W.,G.,Sebald,1944-05-18,,male,True,,,
294,294,Margit,,Schreiner,1953-12-22,,female,True,http://archiv.bachmannpreis.orf.at/25_jahre/1998/autoren_1998.htm,,
295,295,Susanne,,Röckel,1953-06-14,,female,True,,,
296,296,Berndt,,Rieger,1962-09-09,,male,True,,,
297,297,Christa,,Moog,1952-01-30,,female,True,,,
298,298,Andreas,,Montag,1956-03-04,,male,True,,,
299,299,Erich,,Möchel,1957-08-28,,male,True,,,
300,300,Cornelia,,Manikowsky,1961-12-03,,female,True,,,
301,301,Fritz-Jochen,,Kopka,1944-04-14,,male,True,,,
302,302,Reinhard,,Jirgl,1953-01-16,,male,True,,,
303,303,Franz,,Hodjak,1944-09-27,,male,True,,,
304,304,Ingeborg,,Harms,1956-09-15,,female,True,,,
305,305,Eleonore,,Frey,1939-10-18,,female,True,,,
306,306,Hubert,Konrad,Frank,1939-09-12,,male,True,,,
307,307,Ludwig,Roman,Fleischer,1952-09-17,,male,True,,,
308,308,Georg,,Bydlinski,1956-05-30,,male,True,,,
309,309,Christoph,,Buggert,1937-06-17,,male,True,,,
310,310,Pieke,,Biermann,1950-03-22,,female,True,,,
311,311,Peter,,Wawerzinek,1954-09-28,,male,True,http://archiv.bachmannpreis.orf.at/bachmannpreis.eu/de/autoren/2302/index.html,,
312,312,Ludger,,Schwarte,1967-12-29,,male,True,,,
313,313,SAID,,,1947-05-27,,male,True,,,
314,314,Theres,,Roth-Hunkeler,1953-10-11,,female,True,,,
315,315,Matthias,,Politycki,1955-05-20,,male,True,,,
316,316,Emine,Sevgi,Özdamar,1946-08-10,,female,True,,,
317,317,Wolfgang,,Mörth,1958-08-29,,male,True,,,
318,318,Francesco,,Micieli,1956-02-21,,male,True,,,
319,319,Fritz,Hendrick,Melle,1960-10-07,,male,True,,,
320,320,Ulrike,,Längle,1953-02-04,,male,True,,,
321,321,Sabine,,Küchler,1965-05-15,,female,True,,,
322,322,Judith,,Kuckart,1959-06-17,,female,True,,,
323,323,Roland,,Koch,1959-11-02,,male,True,,,
324,324,Durs,,Grünbein,1962-10-09,,male,True,,,
325,325,Walter,,Gnelli,,,male,False,,,
326,326,Hella,,Eckert,1948-01-17,,female,True,,,
327,327,Michael,,Eberth,1943-02-02,,male,True,,,
328,328,Marcel,,Beyer,1965-11-23,,male,True,,,
329,329,Gabrielle,,Alioth,1955-04-21,,female,True,,,
330,330,Kurt,,Aebli,1955-10-20,,male,True,http://archiv.bachmannpreis.orf.at/25_jahre/1996/autoren_1996.htm,,
331,331,Alissa,,Walser,1961-01-24,,female,True,,,
332,332,Burkhard,,Spinnen,1956-12-28,,male,True,,,
333,333,Sabine,,Scholl,1959-03-28,,female,True,,,
334,334,Ulrich,,Peltzer,1956-12-09,,male,True,,,
335,335,Roger,,Lille,1956-08-17,,male,True,,,
336,336,Fritz,,Krenn,1958-01-28,,male,True,,,
337,337,Jan,,Koneffke,1960-11-19,,male,True,,,
338,338,Christoph,,Janacs,1955-10-04,,male,True,,,
339,339,Alois,,Hotschnig,1959-10-03,,male,True,,,
340,340,Ulrich,,Holbein,1953-01-24,,male,True,,,
341,341,Christa,,Hein,1955-08-25,,female,True,,,
342,342,Lioba,,Happel,1957-02-07,,female,True,,,
343,343,Manfred,,Flügge,1946-03-03,,male,True,,,
344,344,Bianca,,Döring,1957-07-01,,female,True,,,
345,345,Nobert,,Bleisch,,,male,False,,,
346,346,Friedrich,,Ani,1959-01-07,,male,True,,,
347,347,Christina,,Viragh,1953-01-23,,female,True,,,
348,348,Hans-Ulrich,,Treichel,1952-08-12,,male,True,,,
349,349,Wilfried,,Steiner,1960-12-18,,male,True,,,
350,350,Benjamin,,Stein,1970-06-06,,male,True,,,
351,351,Dirk,von,Petersdorff,1966-03-16,,male,True,http://archiv.bachmannpreis.orf.at/bachmannpreisv2/bachmannpreis/autoren/stories/110802/index.html,,
352,352,Thomas,,Lehr,1957-11-22,,male,True,,,
353,353,Ludwig,,Laher,1955-12-11,,male,True,http://archiv.bachmannpreis.orf.at//index2001.htm,,
354,354,Helmut,,Krausser,1964-07-11,,male,True,,,
355,355,Gabriele,,Kögl,1960-04-16,,female,True,,,
356,356,Michael,,Kleeberg,1959-08-24,,male,True,,,
357,357,Sandra,,Kellein,1958-07-01,,female,True,,,
358,358,Reinhard,,Kaiser,1950-03-07,,male,True,,,
359,359,Rudolf,,Habringer,1960-09-13,,male,True,,,
360,360,Christina,,Günther,1962-07-01,,female,True,,,
361,361,Sabine,,Gruber,1963-08-06,,female,True,,,
362,362,Susanne,,Geiger,1964-08-13,,female,True,,,
363,363,Kurt,,Drawert,1956-03-15,,male,True,,,
364,364,Jan,Peter,Bremer,1965-02-16,,male,True,http://archiv.bachmannpreis.orf.at/25_jahre/1996/autoren_1996.htm,,
365,365,Dirk,,Brauns,1968-07-01,,male,True,,,
366,366,Matthias,,Altenburg,1958-07-01,,male,True,,,
367,367,Andrea,,Worek,,,female,False,,,
368,368,Bernd,,Wagner,1948-05-30,,male,True,,,
369,369,Andrea,,Simmen,1960-12-15,,female,True,,,
370,370,Ruth,,Schweikert,1965-07-15,,female,True,,,
371,371,Frank,,Schulz,1957-02-14,,male,True,,,
372,372,Raoul,,Schrott,1964-01-17,,male,True,,,
373,373,Kathrin,,Röggla,1971-06-14,,female,True,,,
374,374,Georg,,Ringsgwandl,1948-11-15,,male,True,,,
375,375,Katharina,,Riese,1946-05-04,,female,True,,,
376,376,Urs,,Richle,1965-06-24,,male,True,,,
377,377,Doron,,Rabinovici,1961-12-02,,male,True,,,
378,378,Heidi,von,Plato,1954-07-01,,female,True,,,
379,379,Sibylle,,Mulot,1950-05-03,,female,True,,,
380,380,Stefanie,,Menzinger,1965-03-24,,female,True,,,
381,381,Dagmar,,Leupold,1955-10-23,,female,True,,,
382,382,Karina,,Kranhold,,,female,False,,,
383,383,Bernd,,Cailloux,1945-07-09,,male,True,,,
384,384,Hans,Ulrich,Bänziger,1938-10-30,,male,True,,,
385,385,Monika,,Wogrolly,1967-08-11,,female,True,,,
386,386,Wolfgang,,Wenger,1962-11-18,,male,True,,,
387,387,Ilija,,Trojanow,1965-08-23,,male,True,,,
388,388,Marion,,Titze,1953-04-23,,female,True,,,
389,389,Ingo,,Schulze,1962-12-15,,male,True,,,
390,390,Georg,,Pichler,1959-07-30,,male,True,,,
391,391,Georg,Martin,Oswald,1963-08-05,,male,True,http://archiv.bachmannpreis.orf.at/bp_2000/autoren/fs_autoren.html,,
392,392,Petra,,Morsbach,1956-06-01,,female,True,,,
393,393,Perikles,,Monioudis,1966-09-08,,male,True,,,
394,394,Mariella,,Mehr,1947-12-27,,female,True,,,
395,395,Ulrike,,Kolb,1942-07-14,,female,True,,,
396,396,Radek,,Knapp,1964-08-03,,male,True,,,
397,397,Volker,,Kaminski,1958-07-14,,male,True,,,
398,398,Joachim,,Helfer,1964-08-26,,male,True,,,
399,399,Klaus,,Händl,1969-09-17,,male,True,,,
400,400,Franzobel,,,1967-03-01,,male,True,,,
401,401,Gundi,,Feyrer,1956-04-19,,female,True,,,
402,402,Enrico,,Danieli,1952-09-02,,male,True,,,
403,403,Hanspeter,,Bundi,1953-01-30,,male,True,,,
404,404,Hansjörg,,Zauner,1959-12-02,,male,True,http://archiv.bachmannpreis.orf.at/25_jahre/1996/autoren_1996.htm,,
405,405,Sissi,,Tax,1954-09-19,,female,True,http://archiv.bachmannpreis.orf.at/25_jahre/1996/autoren_1996.htm,,
406,406,Yoko,,Tawada,1960-03-23,,female,True,http://archiv.bachmannpreis.orf.at/25_jahre/1996/autoren_1996.htm,,
407,407,Ingo,,Schramm,1962-10-25,,male,True,http://archiv.bachmannpreis.orf.at/25_jahre/1996/autoren_1996.htm,,
408,408,Sonja,,Ruf,1967-04-10,,female,True,http://archiv.bachmannpreis.orf.at/25_jahre/1996/autoren_1996.htm,,
409,409,Sonja,,Röder,1964-11-30,,female,True,http://archiv.bachmannpreis.orf.at/25_jahre/1996/autoren_1996.htm,,
410,410,Richard,,Obermayr,1970-08-22,,male,True,http://archiv.bachmannpreis.orf.at/25_jahre/1996/autoren_1996.htm,,
411,411,Alex,,Muggler,,,male,False,http://archiv.bachmannpreis.orf.at/25_jahre/1996/autoren_1996.htm,,
412,412,Lydia,,Mischkulnig,1963-08-02,,female,True,http://archiv.bachmannpreis.orf.at/25_jahre/1996/autoren_1996.htm,,
413,413,Herbert,,Maurer,1965-05-12,,male,True,http://archiv.bachmannpreis.orf.at/25_jahre/1996/autoren_1996.htm,,
414,414,Andreas,,Mand,1959-12-14,,male,True,http://archiv.bachmannpreis.orf.at/25_jahre/1996/autoren_1996.htm,,
415,415,Johannes,,Jansen,1966-01-06,,male,True,http://archiv.bachmannpreis.orf.at/25_jahre/1996/autoren_1996.htm,,
416,416,Felicitas,,Hoppe,1960-12-22,,female,True,http://archiv.bachmannpreis.orf.at/25_jahre/1996/autoren_1996.htm,,
417,417,Peter,,Henning,1959-07-01,,male,True,http://archiv.bachmannpreis.orf.at/25_jahre/1996/autoren_1996.htm,,
418,418,Heiko,Michael,Hartmann,1957-07-01,,male,True,http://archiv.bachmannpreis.orf.at/25_jahre/1996/autoren_1996.htm,,
419,419,Arno,,Geiger,1968-07-22,,male,True,http://archiv.bachmannpreis.orf.at/bachmannpreisv2/bachmannpreis/autoren/stories/11098/index.html,,
420,420,Adelheid,,Dahimène,1956-06-02,,female,True,http://archiv.bachmannpreis.orf.at/25_jahre/1996/autoren_1996.htm,,
421,421,Jürg,,Beeler,1957-06-09,,male,True,http://archiv.bachmannpreis.orf.at/25_jahre/1996/autoren_1996.htm,,
422,422,Ulrich,,Zieger,1961-12-29,,male,True,http://archiv.bachmannpreis.orf.at/25_jahre/1997/autoren_1997.htm,,
423,423,Thorsten,,Tornow,1963-07-01,,male,True,http://archiv.bachmannpreis.orf.at/25_jahre/1997/autoren_1997.htm,,
424,424,Peter,P.,Schwaiger,1968-02-04,,male,True,http://archiv.bachmannpreis.orf.at/25_jahre/1997/autoren_1997.htm,,
425,425,Wolfgang,,Schlüter,1948-12-11,,male,True,http://archiv.bachmannpreis.orf.at/25_jahre/1997/autoren_1997.htm,,
426,426,Norbert,,Niemann,1961-05-20,,male,True,http://archiv.bachmannpreis.orf.at/25_jahre/1997/autoren_1997.htm,,
427,427,Thomas,,Meinecke,1955-08-25,,male,True,http://archiv.bachmannpreis.orf.at/25_jahre/1997/autoren_1997.htm,,
428,428,Gila,,Lustiger,1963-04-27,,female,True,http://archiv.bachmannpreis.orf.at/25_jahre/1997/autoren_1997.htm,,
429,429,Tim,,Krohn,1965-02-09,,male,True,https://bachmannpreis.orf.at/stories/2709017/,,
430,430,Steffen,,Kopetzky,1971-01-26,,male,True,http://archiv.bachmannpreis.orf.at/25_jahre/1997/autoren_1997.htm,,
431,431,Zoë,,Jenny,1974-03-16,,female,True,http://archiv.bachmannpreis.orf.at/25_jahre/1997/autoren_1997.htm,,
432,432,Bettina,,Galvagni,1976-03-26,,female,True,http://archiv.bachmannpreis.orf.at/25_jahre/1997/autoren_1997.htm,,
433,433,Leopold,,Federmair,1957-08-25,,male,True,http://archiv.bachmannpreis.orf.at/bachmannpreis.eu/de/autoren/3824/index.html,,
434,434,Gion,Mathias,Cavelty,1974-04-04,,male,True,http://archiv.bachmannpreis.orf.at/25_jahre/1997/autoren_1997.htm,,
435,435,Marcus,,Braun,1971-11-28,,male,True,http://archiv.bachmannpreis.orf.at/25_jahre/1997/autoren_1997.htm,,
436,436,Jan,,Lurvink,1965-10-14,,male,True,http://archiv.bachmannpreis.orf.at/25_jahre/1998/autoren_1998.htm,,
437,437,Christian,,Futscher,1960-04-19,,male,True,http://archiv.bachmannpreis.orf.at/25_jahre/1998/autoren_1998.htm,,
438,438,Christian,Paul,Berger,1957-07-28,,male,True,http://archiv.bachmannpreis.orf.at/25_jahre/1998/autoren_1998.htm,,
439,439,Inka,,Bach,1956-04-27,,female,True,http://archiv.bachmannpreis.orf.at/25_jahre/1998/autoren_1998.htm,,
440,440,Olivia,,Kleinknecht,1960-05-21,,female,True,http://archiv.bachmannpreis.orf.at/25_jahre/1998/autoren_1998.htm,,
441,441,Sibylle,,Lewitscharoff,1954-04-16,,female,True,http://archiv.bachmannpreis.orf.at/25_jahre/1998/autoren_1998.htm,,
442,442,Kathrin,,Schmidt,1958-03-12,,female,True,http://archiv.bachmannpreis.orf.at/25_jahre/1998/autoren_1998.htm,,
443,443,Kurt,,Bracharz,1947-09-28,,male,True,http://archiv.bachmannpreis.orf.at/25_jahre/1998/autoren_1998.htm,,
444,444,Leander,,Scholz,1969-04-16,,male,True,http://archiv.bachmannpreis.orf.at/25_jahre/1998/autoren_1998.htm,,
445,445,Tim,,Staffel,1965-10-02,,male,True,http://archiv.bachmannpreis.orf.at/25_jahre/1998/autoren_1998.htm,,
446,446,John,von,Düffel,1966-10-20,,male,True,http://archiv.bachmannpreis.orf.at/25_jahre/1998/autoren_1998.htm,,
447,447,Silvia,,Szymanski,1958-08-07,,female,True,http://archiv.bachmannpreis.orf.at/25_jahre/1998/autoren_1998.htm,,
448,448,Ralf,,Bönt,1963-07-01,,male,True,http://archiv.bachmannpreis.orf.at/bachmannpreis.eu/de/autoren/849/index.html,,
449,449,Sibylle,,Severus,1937-08-02,,female,True,http://archiv.bachmannpreis.orf.at/25_jahre/1998/autoren_1998.htm,,
450,450,Michael,,Lentz,1964-05-15,,male,True,http://archiv.bachmannpreis.orf.at//index2001.htm,,
451,451,Christian,,Mähr,1952-02-06,,male,True,http://archiv.bachmannpreis.orf.at/bp99/fs_autoren.html,,
452,452,Aglaja,,Veteranyi,1962-05-17,,female,True,http://archiv.bachmannpreis.orf.at/bp99/fs_autoren.html,,
453,453,Stefan,,Beuse,1967-01-31,,male,True,http://archiv.bachmannpreis.orf.at/bp99/fs_autoren.html,,
454,454,Peter,,Stamm,1963-01-18,,male,True,http://archiv.bachmannpreis.orf.at/bp99/fs_autoren.html,,
455,455,Thor,,Kunkel,1963-09-02,,male,True,http://archiv.bachmannpreis.orf.at/bp99/fs_autoren.html,,
456,456,Ursula,,Fricker,1965-11-13,,female,True,http://archiv.bachmannpreis.orf.at/bp99/fs_autoren.html,,
457,457,Ruth,,Erat,1951-08-03,,female,True,http://archiv.bachmannpreis.orf.at/bp99/fs_autoren.html,,
458,458,Terézia,,Mora,1971-02-05,,female,True,http://archiv.bachmannpreis.orf.at/bp99/fs_autoren.html,,
459,459,Thomas,,Jonigk,1966-03-04,,male,True,http://archiv.bachmannpreis.orf.at/bp99/fs_autoren.html,,
460,460,Monika,,Helfer,1947-10-18,,female,True,http://archiv.bachmannpreis.orf.at/bp99/fs_autoren.html,,
461,461,Vladimir,,Vertlib,1966-07-02,,male,True,http://archiv.bachmannpreis.orf.at/bp99/fs_autoren.html,,
462,462,Gudrun,,Seidenauer,1965-07-19,,female,True,http://archiv.bachmannpreis.orf.at/bp99/fs_autoren.html,,
463,463,Christian,,Uetz,1963-08-08,,male,True,http://archiv.bachmannpreis.orf.at/bp99/fs_autoren.html,,
464,464,Patricia,,Görg,1960-03-21,,male,True,http://archiv.bachmannpreis.orf.at/bp99/fs_autoren.html,,
465,465,Thomas,,Kapielski,1951-09-16,,male,True,http://archiv.bachmannpreis.orf.at/bp99/fs_autoren.html,,
466,466,Katharina,,Hacker,1967-01-11,,female,True,http://archiv.bachmannpreis.orf.at/bp99/fs_autoren.html,,
467,467,Ulrike,,Draesner,1962-01-20,,female,True,http://archiv.bachmannpreis.orf.at/bp_2000/autoren/fs_autoren.html,,
468,468,Patrick,,Kokontis,1964-09-04,,male,True,http://archiv.bachmannpreis.orf.at/bp_2000/autoren/fs_autoren.html,,
469,469,Stephan,,Reimertz,1962-03-04,,male,True,http://archiv.bachmannpreis.orf.at/bp_2000/autoren/fs_autoren.html,,
470,470,Susanne,,Riedel,1959-05-13,,female,True,http://archiv.bachmannpreis.orf.at/bp_2000/autoren/fs_autoren.html,,
471,471,Martina,,Kieninger,1966-07-01,,female,True,http://archiv.bachmannpreis.orf.at/bp_2000/autoren/fs_autoren.html,,
472,472,Andreas,,Maier,1967-09-01,,male,True,http://archiv.bachmannpreis.orf.at/bp_2000/autoren/fs_autoren.html,,
473,473,Martin,,Amanshauser,1968-07-01,,male,True,http://archiv.bachmannpreis.orf.at/bp_2000/autoren/fs_autoren.html,,
474,474,Georg,,Klein,1953-03-29,,male,True,http://archiv.bachmannpreis.orf.at/bp_2000/autoren/fs_autoren.html,,
475,475,Stephan,,Alfare,1966-01-28,,male,True,http://archiv.bachmannpreis.orf.at/bp_2000/autoren/fs_autoren.html,,
476,476,Birgit,,Müller-Wieland,1962-09-13,,female,True,http://archiv.bachmannpreis.orf.at/bp_2000/autoren/fs_autoren.html,,
477,477,Malin,,Schwerdtfeger,1972-12-27,,female,True,http://archiv.bachmannpreis.orf.at/bp_2000/autoren/fs_autoren.html,,
478,478,Julia,,Franck,1970-02-20,,female,True,http://archiv.bachmannpreis.orf.at/bp_2000/autoren/fs_autoren.html,,
479,479,Daniel,,Goetsch,1968-09-20,,male,True,https://bachmannpreis.orf.at/stories/2843529/,,
480,480,David,,Wagner,1971-04-17,,male,True,http://archiv.bachmannpreis.orf.at/bp_2000/autoren/fs_autoren.html,,
481,481,Rainer,,Merkel,1964-05-26,,male,True,http://archiv.bachmannpreis.orf.at//index2001.htm,,
482,482,Philipp,,Tingler,1970-07-01,,male,True,http://archiv.bachmannpreis.orf.at//index2001.htm,,
483,483,Artur,,Becker,1968-05-07,,male,True,http://archiv.bachmannpreis.orf.at/bachmannpreisv2/bachmannpreis/autoren/stories/11100/index.html,,
484,484,Katrin,,Askan,1966-02-21,,female,True,http://archiv.bachmannpreis.orf.at//index2001.htm,,
485,485,Ulrich,,Schlotmann,1962-08-11,,male,True,http://archiv.bachmannpreis.orf.at//index2001.htm,,
486,486,Jenny,,Erpenbeck,1967-03-12,,female,True,http://archiv.bachmannpreis.orf.at//index2001.htm,,
487,487,Robert,,Fischer,1960-07-01,,male,True,http://archiv.bachmannpreis.orf.at//index2001.htm,,
488,488,Tanja,,Langer,1962-09-10,,female,True,http://archiv.bachmannpreis.orf.at//index2001.htm,,
489,489,Annegret,,Held,1962-04-25,,female,True,http://archiv.bachmannpreis.orf.at//index2001.htm,,
490,490,Brigitte,,Schär,1958-02-01,,female,True,http://archiv.bachmannpreis.orf.at//index2001.htm,,
491,491,Ute-Christine,,Krupp,1962-07-01,,female,True,http://archiv.bachmannpreis.orf.at//index2001.htm,,
492,492,Norbert,,Müller,1963-03-16,,male,True,http://archiv.bachmannpreis.orf.at/bp2003/,,
493,493,Antje,Rávic,Strubel,1974-04-12,,female,True,http://archiv.bachmannpreis.orf.at//index2001.htm,,
494,494,Heiner,,Link,1960-02-05,,male,True,http://archiv.bachmannpreis.orf.at//index2001.htm,,
495,495,Raphael,,Urweider,1974-11-05,,male,True,http://archiv.bachmannpreis.orf.at/bp2002/,,
496,496,Melanie,,Arns,1980-02-19,,female,True,http://archiv.bachmannpreis.orf.at/bp2002/,,
497,497,Helga,,Glantschnig,1958-03-14,,female,True,http://archiv.bachmannpreis.orf.at/bp2002/,,
498,498,Elfriede,,Kern,1950-07-20,,female,True,http://archiv.bachmannpreis.orf.at/bp2002/,,
499,499,Annette,,Pehnt,1967-07-25,,female,True,http://archiv.bachmannpreis.orf.at/bp2002/,,
500,500,Norbert,,Zähringer,1967-05-04,,male,True,http://archiv.bachmannpreis.orf.at/bp2002/,,
501,501,Roger,,Monnerat,1949-03-07,,male,True,http://archiv.bachmannpreis.orf.at/bp2002/,,
502,502,Daniel,,Zahno,1963-11-18,,male,True,http://archiv.bachmannpreis.orf.at/bp2002/,,
503,503,Christoph,W.,Bauer,1968-07-01,,male,True,http://archiv.bachmannpreis.orf.at/bp2002/,,
504,504,Peter,,Glaser,1957-06-30,,male,True,http://archiv.bachmannpreis.orf.at/bp2002/,,
505,505,Mirko,,Bonné,1965-06-09,,male,True,http://archiv.bachmannpreis.orf.at/bp2002/,,
506,506,Lukas,,Bärfuss,1971-12-30,,male,True,http://archiv.bachmannpreis.orf.at/bp2002/,,
507,507,Heinz,D.,Heisl,1952-07-01,,male,True,http://archiv.bachmannpreis.orf.at/bp2002/,,
508,508,Markus,,Ramseier,1955-08-12,,male,True,http://archiv.bachmannpreis.orf.at/bp2002/,,
509,509,Nina,,Jäckle,1966-05-20,,female,True,http://archiv.bachmannpreis.orf.at/bp2002/,,
510,510,Jörg,,Matheis,1970-07-01,,male,True,http://archiv.bachmannpreis.orf.at/bp2002/,,
511,511,Oswald,,Egger,1963-03-07,,male,True,http://archiv.bachmannpreis.orf.at/bp2003/,,
512,512,Inka,,Parei,1967-02-05,,female,True,http://archiv.bachmannpreis.orf.at/bp2003/,,
513,513,Christof,,Hamann,1966-07-04,,male,True,http://archiv.bachmannpreis.orf.at/bp2003/,,
514,514,Olga,,Flor,1968-01-25,,female,True,http://archiv.bachmannpreis.orf.at/bachmannpreis.eu/de/autoren/4661/index.html,,
515,515,Gregor,,Hens,1965-11-25,,male,True,http://archiv.bachmannpreis.orf.at/bp2003/,,
516,516,Kristof,,Schreuf,1963-07-01,,male,True,http://archiv.bachmannpreis.orf.at/bp2003/,,
517,517,Michael,,Stauffer,1972-07-20,,male,True,http://archiv.bachmannpreis.orf.at/bp2003/,,
518,518,Feridun,,Zaimoglu,1964-12-04,,male,True,http://archiv.bachmannpreis.orf.at/bp2003/,,
519,519,Sünje,,Lewejohann,1972-07-01,,female,True,http://archiv.bachmannpreis.orf.at/bp2003/,,
520,520,Ulla,,Lenze,1973-09-18,,female,True,http://archiv.bachmannpreis.orf.at/bp2003/,,
521,521,Henning,,Ahrens,1964-11-22,,male,True,http://archiv.bachmannpreis.orf.at/bp2003/,,
522,522,Susanne,,Fischer,1960-08-18,,female,True,http://archiv.bachmannpreis.orf.at/bp2003/,,
523,523,Katrin,de,Vries,1959-07-01,,female,True,http://archiv.bachmannpreis.orf.at/bp2003/,,
524,524,Christine,,Rinderknecht,1954-12-05,,female,True,http://archiv.bachmannpreis.orf.at/bp2003/,,
525,525,Christina,,Griebel,1973-04-12,,female,True,http://archiv.bachmannpreis.orf.at/bp2003/,,
526,526,Farhad,,Showghi,1961-06-04,,male,True,http://archiv.bachmannpreis.orf.at/bp2003/,,
527,527,Bettina,,Balàka,1966-03-27,,female,True,http://archiv.bachmannpreis.orf.at/bachmannpreisv2/bachmannpreis/autoren/stories/12264/index.html,,
528,528,Guy,,Helminger,1963-01-20,,male,True,http://archiv.bachmannpreis.orf.at/bachmannpreisv2/bachmannpreis/autoren/stories/11095/index.html,,
529,529,Roswitha,,Haring,1960-10-09,,female,True,http://archiv.bachmannpreis.orf.at/bachmannpreisv2/bachmannpreis/autoren/stories/11096/index.html,,
530,530,Arne,,Roß,1966-09-20,,male,True,http://archiv.bachmannpreis.orf.at/bachmannpreisv2/bachmannpreis/autoren/stories/11088/index.html,,
531,531,Melinda,Nadj,Abonji,1968-06-22,,female,True,http://archiv.bachmannpreis.orf.at/bachmannpreisv2/bachmannpreis/autoren/stories/11091/index.html,,
532,532,Uwe,,Tellkamp,1968-10-28,,male,True,http://archiv.bachmannpreis.orf.at/bachmannpreisv2/bachmannpreis/autoren/stories/11085/index.html,,
533,533,Andreas,,Münzner,1967-09-26,,male,True,http://archiv.bachmannpreis.orf.at/bachmannpreisv2/bachmannpreis/autoren/stories/11092/index.html,,
534,534,Richard,David,Precht,1964-12-08,,male,True,http://archiv.bachmannpreis.orf.at/bachmannpreisv2/bachmannpreis/autoren/stories/11090/index.html,,
535,535,Thomas,,Raab,1968-11-23,,male,True,http://archiv.bachmannpreis.orf.at/bachmannpreisv2/bachmannpreis/autoren/stories/11089/index.html,,
536,536,Rolf,,Schönlau,1950-12-18,,male,True,http://archiv.bachmannpreis.orf.at/bachmannpreisv2/bachmannpreis/autoren/stories/11086/index.html,,
537,537,Sandra,,Hoffmann,1967-05-11,,female,True,http://archiv.bachmannpreis.orf.at/bachmannpreisv2/bachmannpreis/autoren/stories/11093/index.html,,
538,538,Simona,,Sabato,1964-07-01,,female,True,http://archiv.bachmannpreis.orf.at/bachmannpreisv2/bachmannpreis/autoren/stories/11087/index.html,,
539,539,Dorothea,,Dieckmann,1957-12-18,,female,True,http://archiv.bachmannpreis.orf.at/bachmannpreisv2/bachmannpreis/autoren/stories/11099/index.html,,
540,540,Juli,,Zeh,1974-06-30,,female,True,http://archiv.bachmannpreis.orf.at/bachmannpreisv2/bachmannpreis/autoren/stories/11084/index.html,,
541,541,Wolfgang,,Herrndorf,1965-06-12,,male,True,http://archiv.bachmannpreis.orf.at/bachmannpreisv2/bachmannpreis/autoren/stories/11094/index.html,,
542,542,Anna,Katharina,Hahn,1970-10-20,,female,True,http://archiv.bachmannpreis.orf.at/bachmannpreisv2/bachmannpreis/autoren/stories/11097/index.html,,
543,543,Eva,von,Schirach,1968-07-01,,female,False,http://archiv.bachmannpreis.orf.at/bachmannpreisv2/bachmannpreis/autoren/stories/36436/index.html,,
544,544,Sabine,,Schiffner,1965-09-24,,female,True,http://archiv.bachmannpreis.orf.at/bachmannpreisv2/bachmannpreis/autoren/stories/36438/index.html,,
545,545,Thomas,,Lang,1967-03-19,,male,True,http://archiv.bachmannpreis.orf.at/bachmannpreisv2/bachmannpreis/autoren/stories/36475/index.html,,
546,546,Klaus,,Böldl,1964-02-21,,male,True,http://archiv.bachmannpreis.orf.at/bachmannpreisv2/bachmannpreis/autoren/stories/36481/index.html,,
547,547,Anna,,Kim,1977-09-10,,female,True,http://archiv.bachmannpreis.orf.at/bachmannpreisv2/bachmannpreis/autoren/stories/36477/index.html,,
548,548,Anne,,Weber,1964-11-13,,female,True,http://archiv.bachmannpreis.orf.at/bachmannpreisv2/bachmannpreis/autoren/stories/36355/index.html,,
549,549,Barbara,,Bongartz,1957-09-11,,female,True,http://archiv.bachmannpreis.orf.at/bachmannpreisv2/bachmannpreis/autoren/stories/36480/index.html,,
550,550,Gerhild,,Steinbuch,1983-01-21,,female,True,http://archiv.bachmannpreis.orf.at/bachmannpreisv2/bachmannpreis/autoren/stories/36390/index.html,,
551,551,Martina,,Hefter,1965-06-11,,female,True,http://archiv.bachmannpreis.orf.at/bachmannpreisv2/bachmannpreis/autoren/stories/36479/index.html,,
552,552,Christoph,,Simon,1972-08-06,,male,True,http://archiv.bachmannpreis.orf.at/bachmannpreisv2/bachmannpreis/autoren/stories/36392/index.html,,
553,553,Natalie,,Balkow,1968-12-18,,female,True,http://archiv.bachmannpreis.orf.at/bachmannpreisv2/bachmannpreis/autoren/stories/36336/index.html,,
554,554,Helmut,,Kuhn,1962-07-01,,male,True,http://archiv.bachmannpreis.orf.at/bachmannpreisv2/bachmannpreis/autoren/stories/36476/index.html,,
555,555,Kristof,,Magnusson,1976-03-04,,male,True,http://archiv.bachmannpreis.orf.at/bachmannpreisv2/bachmannpreis/autoren/stories/36474/index.html,,
556,556,Saša,,Stanišić,1978-03-07,,male,True,http://archiv.bachmannpreis.orf.at/bachmannpreisv2/bachmannpreis/autoren/stories/36391/index.html,,
557,557,Susanne,,Heinrich,1985-11-13,,female,True,http://archiv.bachmannpreis.orf.at/bachmannpreisv2/bachmannpreis/autoren/stories/36478/index.html,,
558,558,Julia,,Schoch,1974-05-17,,female,True,http://archiv.bachmannpreis.orf.at/bachmannpreisv2/bachmannpreis/autoren/stories/36435/index.html,,
559,559,Nikolai,,Vogel,1971-01-10,,male,True,http://archiv.bachmannpreis.orf.at/bachmannpreisv2/bachmannpreis/autoren/stories/36389/index.html,,
560,560,Ina,,Strelow,1958-11-09,,female,True,http://archiv.bachmannpreis.orf.at/bachmannpreisv2/bachmannpreis/autoren/stories/110805/index.html,,
561,561,Kai,,Weyand,1968-07-01,,male,True,http://archiv.bachmannpreis.orf.at/bachmannpreisv2/bachmannpreis/autoren/stories/110807/index.html,,
562,562,Kathrin,,Passig,1970-06-04,,female,True,http://archiv.bachmannpreis.orf.at/bachmannpreisv2/bachmannpreis/autoren/stories/110801/index.html,,
563,563,Katja,,Huber,1971-07-12,,female,True,http://archiv.bachmannpreis.orf.at/bachmannpreisv2/bachmannpreis/autoren/stories/110696/index.html,,
564,564,Norbert,,Scheuer,1951-12-16,,male,True,http://archiv.bachmannpreis.orf.at/bachmannpreisv2/bachmannpreis/autoren/stories/110804/index.html,,
565,565,Hanno,,Millesi,1966-05-15,,male,True,http://archiv.bachmannpreis.orf.at/bachmannpreisv2/bachmannpreis/autoren/stories/110803/index.html,,
566,566,Annette,,Mingels,1971-08-18,,female,True,http://archiv.bachmannpreis.orf.at/bachmannpreisv2/bachmannpreis/autoren/stories/110809/index.html,,
567,567,Paul,,Brodowsky,1980-07-01,,male,True,http://archiv.bachmannpreis.orf.at/bachmannpreisv2/bachmannpreis/autoren/stories/110694/index.html,,
568,568,Thomas,,Melle,1975-03-17,,male,True,http://archiv.bachmannpreis.orf.at/bachmannpreisv2/bachmannpreis/autoren/stories/110702/index.html,,
569,569,Claudia,,Klischat,1970-07-01,,female,True,http://archiv.bachmannpreis.orf.at/bachmannpreisv2/bachmannpreis/autoren/stories/110701/index.html,,
570,570,Andreas,,Merkel,1970-08-21,,male,True,http://archiv.bachmannpreis.orf.at/bachmannpreisv2/bachmannpreis/autoren/stories/110704/index.html,,
571,571,Kevin,,Vennemann,1977-07-01,,male,True,http://archiv.bachmannpreis.orf.at/bachmannpreisv2/bachmannpreis/autoren/stories/110806/index.html,,
572,572,Angelika,,Overath,1957-07-17,,female,True,http://archiv.bachmannpreis.orf.at/bachmannpreisv2/bachmannpreis/autoren/stories/110800/index.html,,
573,573,Clemens,,Meyer,1977-08-20,,male,True,http://archiv.bachmannpreis.orf.at/bachmannpreisv2/bachmannpreis/autoren/stories/110707/index.html,,
574,574,Silvio,,Huonder,1954-10-06,,male,True,http://archiv.bachmannpreis.orf.at/bachmannpreisv2/bachmannpreis/autoren/stories/110700/index.html,,
575,575,Bodo,,Hell,1943-03-15,,male,True,http://archiv.bachmannpreis.orf.at/bachmannpreisv2/bachmannpreis/autoren/stories/110695/index.html,,
576,576,Sigrid,,Behrens,1976-05-28,,female,True,http://archiv.bachmannpreis.orf.at/bachmannpreisv2/bachmannpreis/autoren/stories/110693/index.html,,
577,577,Martin,,Becker,1982-11-02,,male,True,http://archiv.bachmannpreis.orf.at/bachmannpreisv2/bachmannpreis/autoren/stories/195973/index.html,,
578,578,Thomas,,Stangl,1966-01-04,,male,True,http://archiv.bachmannpreis.orf.at/bachmannpreisv2/bachmannpreis/autoren/stories/195915/index.html,,
579,579,Björn,,Kern,1978-04-22,,male,True,http://archiv.bachmannpreis.orf.at/bachmannpreisv2/bachmannpreis/autoren/stories/195933/index.html,,
580,580,Jan,,Böttcher,1973-07-01,,male,True,http://archiv.bachmannpreis.orf.at/bachmannpreisv2/bachmannpreis/autoren/stories/195969/index.html,,
581,581,PeterLicht,,,,,male,True,http://archiv.bachmannpreis.orf.at/bachmannpreisv2/bachmannpreis/autoren/stories/195931/index.html,,
582,582,Kurt,,Oesterle,1955-05-17,,male,True,http://archiv.bachmannpreis.orf.at/bachmannpreisv2/bachmannpreis/autoren/stories/195928/index.html,,
583,583,Milena,,Oda,1975-03-15,,female,True,http://archiv.bachmannpreis.orf.at/bachmannpreisv2/bachmannpreis/autoren/stories/195929/index.html,,
584,584,Michael,,Stavaric,1972-01-07,,male,True,http://archiv.bachmannpreis.orf.at/bachmannpreisv2/bachmannpreis/autoren/stories/195913/index.html,,
585,585,Dieter,,Zwicky,1957-09-07,,male,True,https://bachmannpreis.orf.at/stories/2773168/,,
586,586,Ronald,,Reng,1970-07-01,,male,True,http://archiv.bachmannpreis.orf.at/bachmannpreisv2/bachmannpreis/autoren/stories/195925/index.html,,
587,587,Silke,,Scheuermann,1973-06-15,,female,True,http://archiv.bachmannpreis.orf.at/bachmannpreisv2/bachmannpreis/autoren/stories/195923/index.html,,
588,588,Lutz,,Seiler,1963-06-08,,male,True,http://archiv.bachmannpreis.orf.at/bachmannpreisv2/bachmannpreis/autoren/stories/195917/index.html,,
589,589,Fridolin,,Schley,1976-10-29,,male,True,http://archiv.bachmannpreis.orf.at/bachmannpreisv2/bachmannpreis/autoren/stories/195922/index.html,,
590,590,Jörg,,Albrecht,1981-08-21,,male,True,http://archiv.bachmannpreis.orf.at/bachmannpreisv2/bachmannpreis/autoren/stories/195974/index.html,,
591,591,Andrea,,Grill,1975-01-16,,female,True,http://archiv.bachmannpreis.orf.at/bachmannpreisv2/bachmannpreis/autoren/stories/195934/index.html,,
592,592,Jochen,,Schmidt,1970-11-09,,male,True,http://archiv.bachmannpreis.orf.at/bachmannpreisv2/bachmannpreis/autoren/stories/195920/index.html,,
593,593,Christian,,Bernhardt,1964-01-22,,male,True,http://archiv.bachmannpreis.orf.at/bachmannpreisv2/bachmannpreis/autoren/stories/195971/index.html,,
594,594,Jagoda,,Marinić,1977-09-20,,female,True,http://archiv.bachmannpreis.orf.at/bachmannpreisv2/bachmannpreis/autoren/stories/195930/index.html,,
595,595,Anette,,Selg,1968-07-01,,female,False,http://archiv.bachmannpreis.orf.at/bachmannpreis.eu/de/autoren/13/index.html,,
596,596,Tilman,,Rammstedt,1975-05-02,,male,True,http://archiv.bachmannpreis.orf.at/bachmannpreis.eu/de/autoren/20/index.html,,
597,597,Ulf,Erdmann,Ziegler,1959-07-01,,male,True,http://archiv.bachmannpreis.orf.at/bachmannpreis.eu/de/autoren/11/index.html,,
598,598,Pedro,,Lenz,1965-03-08,,male,True,http://archiv.bachmannpreis.orf.at/bachmannpreis.eu/de/autoren/24/index.html,,
599,599,Dagrun,,Hintze,1971-07-01,,female,True,http://archiv.bachmannpreis.orf.at/bachmannpreis.eu/de/autoren/27/index.html,,
600,600,Sudabeh,,Mohafez,1963-07-01,,female,True,http://archiv.bachmannpreis.orf.at/bachmannpreis.eu/de/autoren/23/index.html,,
601,601,Heike,,Geißler,1977-04-05,,female,True,http://archiv.bachmannpreis.orf.at/bachmannpreis.eu/de/autoren/26/index.html,,
602,602,Markus,,Orths,1969-06-21,,male,True,http://archiv.bachmannpreis.orf.at/bachmannpreis.eu/de/autoren/22/index.html,,
603,603,Patrick,,Findeis,1975-07-01,,male,True,http://archiv.bachmannpreis.orf.at/bachmannpreis.eu/de/autoren/25/index.html,,
604,604,Martin,von,Arndt,1968-07-01,,male,True,http://archiv.bachmannpreis.orf.at/bachmannpreis.eu/de/autoren/9/,,
605,605,Angelika,,Reitzer,1971-07-01,,female,True,http://archiv.bachmannpreis.orf.at/bachmannpreis.eu/de/autoren/14/index.html,,
606,606,Clemens,J.,Setz,1982-11-15,,male,True,http://archiv.bachmannpreis.orf.at/bachmannpreis.eu/de/autoren/12/index.html,,
607,607,Alina,,Bronsky,1978-12-02,,female,True,http://archiv.bachmannpreis.orf.at/bachmannpreis.eu/de/autoren/10/index.html,,
608,608,Thorsten,,Palzhoff,1974-07-01,,male,False,http://archiv.bachmannpreis.orf.at/bachmannpreis.eu/de/autoren/21/index.html,,
609,609,Caterina,,Satanik,1976-07-01,,female,False,http://archiv.bachmannpreis.orf.at/bachmannpreis.eu/de/autoren/840/index.html,,
610,610,Katharina,,Born,1973-05-27,,female,True,http://archiv.bachmannpreis.orf.at/bachmannpreis.eu/de/autoren/848/index.html,,
611,611,Andrea,,Winkler,1972-07-01,,female,True,http://archiv.bachmannpreis.orf.at/bachmannpreis.eu/de/autoren/836/index.html,,
612,612,Gregor,,Sander,1968-04-24,,male,True,http://archiv.bachmannpreis.orf.at/bachmannpreis.eu/de/autoren/841/index.html,,
613,613,Andreas,,Schäfer,1969-05-20,,male,True,http://archiv.bachmannpreis.orf.at/bachmannpreis.eu/de/autoren/839/index.html,,
614,614,Jens,,Petersen,1976-03-20,,male,True,http://archiv.bachmannpreis.orf.at/bachmannpreis.eu/de/autoren/844/index.html,,
615,615,Karl-Gustav,,Ruch,1954-07-01,,male,False,http://archiv.bachmannpreis.orf.at/bachmannpreis.eu/de/autoren/842/index.html,,
616,616,Linda,,Stift,1968-02-26,,female,True,http://archiv.bachmannpreis.orf.at/bachmannpreis.eu/de/autoren/838/index.html,,
617,617,Christiane,,Neudecker,1974-03-16,,female,True,http://archiv.bachmannpreis.orf.at/bachmannpreis.eu/de/autoren/845/index.html,,
618,618,Bruno,,Preisendörfer,1957-07-01,,male,True,http://archiv.bachmannpreis.orf.at/bachmannpreis.eu/de/autoren/843/index.html,,
619,619,Karsten,,Krampitz,1969-12-24,,male,True,http://archiv.bachmannpreis.orf.at/bachmannpreis.eu/de/autoren/847/index.html,,
620,620,Philipp,,Weiss,1982-02-05,,male,True,http://archiv.bachmannpreis.orf.at/bachmannpreis.eu/de/autoren/837/index.html,,
621,621,Lorenz,,Langenegger,1980-07-01,,male,True,http://archiv.bachmannpreis.orf.at/bachmannpreis.eu/de/autoren/846/index.html,,
622,622,Verena,,Rossbacher,1979-07-01,,female,True,http://archiv.bachmannpreis.orf.at/bachmannpreis.eu/de/autoren/2290/index.html,,
623,623,Christian,,Fries,1959-07-01,,male,True,http://archiv.bachmannpreis.orf.at/bachmannpreis.eu/de/autoren/2308/index.html,,
624,624,Iris,,Schmidt,1967-07-01,,female,False,http://archiv.bachmannpreis.orf.at/bachmannpreis.eu/de/autoren/2296/index.html,,
625,625,Josef,,Kleindienst,1972-02-04,,male,True,http://archiv.bachmannpreis.orf.at/bachmannpreis.eu/de/autoren/2281/index.html,,
626,626,Judith,,Zander,1980-11-13,,female,True,http://archiv.bachmannpreis.orf.at/bachmannpreis.eu/de/autoren/2305/index.html,,
627,627,Aleks,,Scholz,1975-07-01,,male,True,http://archiv.bachmannpreis.orf.at/bachmannpreis.eu/de/autoren/2299/index.html,,
628,628,Max,,Scharnigg,1980-07-01,,male,True,http://archiv.bachmannpreis.orf.at/bachmannpreis.eu/de/autoren/2293/index.html,,
629,629,Thomas,,Ballhausen,1975-07-01,,male,True,http://archiv.bachmannpreis.orf.at/bachmannpreis.eu/de/autoren/2272/index.html,,
630,630,Dorothee,,Elmiger,1985-07-01,,female,True,http://archiv.bachmannpreis.orf.at/bachmannpreis.eu/de/autoren/2275/index.html,,
631,631,Daniel,,Mezger,1978-07-01,,male,True,http://archiv.bachmannpreis.orf.at/bachmannpreis.eu/de/autoren/2287/index.html,,
632,632,Christopher,,Kloeble,1982-07-03,,male,True,http://archiv.bachmannpreis.orf.at/bachmannpreis.eu/de/autoren/2284/index.html,,
633,633,Volker,H.,Altwasser,1969-12-31,,male,True,http://archiv.bachmannpreis.orf.at/bachmannpreis.eu/de/autoren/2269/index.html,,
634,634,Sabrina,,Janesch,1985-07-01,,female,True,http://archiv.bachmannpreis.orf.at/bachmannpreis.eu/de/autoren/2278/index.html,,
635,635,Thomas,,Klupp,1977-07-01,,male,True,http://archiv.bachmannpreis.orf.at/bachmannpreis.eu/de/autoren/2956/index.html,,
636,636,Michel,,Božiković,1971-07-01,,male,False,http://archiv.bachmannpreis.orf.at/bachmannpreis.eu/de/autoren/2944/index.html,,
637,637,Anne,,Richter,1973-07-01,,female,False,http://archiv.bachmannpreis.orf.at/bachmannpreis.eu/de/autoren/2975/index.html,,
638,638,Leif,,Randt,1983-07-01,,male,True,http://archiv.bachmannpreis.orf.at/bachmannpreis.eu/de/autoren/2970/index.html,,
639,639,Steffen,,Popp,1978-07-18,,male,True,http://archiv.bachmannpreis.orf.at/bachmannpreis.eu/de/autoren/2960/index.html,,
640,640,Nina,,Bußmann,1980-07-01,,female,True,http://archiv.bachmannpreis.orf.at/bachmannpreis.eu/de/autoren/2947/index.html,,
641,641,Julya,,Rabinowich,1970-07-01,,female,True,http://archiv.bachmannpreis.orf.at/bachmannpreis.eu/de/autoren/2966/index.html,,
642,642,Maja,,Haderlap,1961-03-08,,female,True,http://archiv.bachmannpreis.orf.at/bachmannpreis.eu/de/autoren/2953/index.html,,
643,643,Linus,,Reichlin,1957-06-09,,male,True,http://archiv.bachmannpreis.orf.at/bachmannpreis.eu/de/autoren/2973/index.html,,
644,644,Antonia,,Baum,1984-07-01,,female,True,http://archiv.bachmannpreis.orf.at/bachmannpreis.eu/de/autoren/2941/index.html,,
645,645,Anna,Maria,Praßler,1983-07-01,,female,False,http://archiv.bachmannpreis.orf.at/bachmannpreis.eu/de/autoren/2963/index.html,,
646,646,Daniel,,Wisser,1971-05-21,,male,True,http://archiv.bachmannpreis.orf.at/bachmannpreis.eu/de/autoren/2982/index.html,,
647,647,Maximilian,,Steinbeis,1970-09-07,,male,True,http://archiv.bachmannpreis.orf.at/bachmannpreis.eu/de/autoren/2979/index.html,,
648,648,Gunther,,Geltinger,1974-07-01,,male,True,http://archiv.bachmannpreis.orf.at/bachmannpreis.eu/de/autoren/2950/index.html,,
649,649,Isabella,,Feimer,1976-07-01,,female,False,http://archiv.bachmannpreis.orf.at/bachmannpreis.eu/de/autoren/3820/index.html,,
650,650,Matthias,,Senkel,1977-07-01,Greiz,male,True,https://bachmannpreis.orf.at/stories/3047135/,Leipzig,
651,651,Matthias,,Nawrat,1979-07-01,,male,True,http://archiv.bachmannpreis.orf.at/bachmannpreis.eu/de/autoren/3800/index.html,,
652,652,Simon,,Froehling,1978-07-01,,male,True,http://archiv.bachmannpreis.orf.at/bachmannpreis.eu/de/autoren/3818/index.html,,
653,653,Lisa,,Kränzler,1983-12-25,,female,True,http://archiv.bachmannpreis.orf.at/bachmannpreis.eu/de/autoren/3812/index.html,,
654,654,Olga,,Martynova,1962-02-26,,female,True,http://archiv.bachmannpreis.orf.at/bachmannpreis.eu/de/autoren/3806/index.html,,
655,655,Cornelia,,Travnicek,1987-01-22,,female,True,http://archiv.bachmannpreis.orf.at/bachmannpreis.eu/de/autoren/3782/index.html,,
656,656,Inger-Maria,,Mahlke,1977-07-01,,female,True,http://archiv.bachmannpreis.orf.at/bachmannpreis.eu/de/autoren/3809/index.html,,
657,657,Sabine,,Hassinger,1958-07-01,,female,True,http://archiv.bachmannpreis.orf.at/bachmannpreis.eu/de/autoren/3815/index.html,,
658,658,Andreas,,Stichmann,1983-07-01,,male,True,http://archiv.bachmannpreis.orf.at/bachmannpreis.eu/de/autoren/3786/index.html,,
659,659,Mirjam,,Richner,1988-07-01,,female,False,http://archiv.bachmannpreis.orf.at/bachmannpreis.eu/de/autoren/3792/index.html,,
660,660,Hugo,,Ramnek,1960-07-01,,male,False,http://archiv.bachmannpreis.orf.at/bachmannpreis.eu/de/autoren/3795/index.html,,
661,661,Stefan,,Moster,1964-08-16,,male,True,http://archiv.bachmannpreis.orf.at/bachmannpreis.eu/de/autoren/3801/index.html,,
662,662,Nikola,Anne,Mehlhorn,1967-09-11,,female,True,http://archiv.bachmannpreis.orf.at/bachmannpreis.eu/de/autoren/4276/index.html,,
663,663,Benjamin,,Maack,1978-04-03,,male,True,http://archiv.bachmannpreis.orf.at/bachmannpreis.eu/de/autoren/4279/index.html,,
664,664,Roman,,Ehrlich,1983-07-01,,male,True,http://archiv.bachmannpreis.orf.at/bachmannpreis.eu/de/autoren/4291/index.html,,
665,665,Hannah,,Dübgen,1977-07-01,,female,True,http://archiv.bachmannpreis.orf.at/bachmannpreis.eu/de/autoren/4294/index.html,,
666,666,Katja,,Petrowskaja,1970-02-03,,female,True,http://archiv.bachmannpreis.orf.at/bachmannpreis.eu/de/autoren/4267/index.html,,
667,667,Philipp,,Schönthaler,1976-10-13,,male,True,http://archiv.bachmannpreis.orf.at/bachmannpreis.eu/de/autoren/4260/index.html,,
668,668,Heinz,,Helle,1978-10-15,,male,True,http://archiv.bachmannpreis.orf.at/bachmannpreis.eu/de/autoren/4285/index.html,,
669,669,Cordula,,Simon,1986-03-27,,female,True,http://archiv.bachmannpreis.orf.at/bachmannpreis.eu/de/autoren/4257/index.html,,
670,670,Zé,do,Rock,1956-06-03,,male,True,http://archiv.bachmannpreis.orf.at/bachmannpreis.eu/de/autoren/4263/index.html,,
671,671,Anousch,,Mueller,1979-12-08,,female,True,http://archiv.bachmannpreis.orf.at/bachmannpreis.eu/de/autoren/4270/index.html,,
672,672,Verena,,Güntner,1978-07-01,,female,True,http://archiv.bachmannpreis.orf.at/bachmannpreis.eu/de/autoren/4288/index.html,,
673,673,Nadine,,Kegele,1980-07-01,,female,True,http://archiv.bachmannpreis.orf.at/bachmannpreis.eu/de/autoren/4282/index.html,,
674,674,Joachim,,Meyerhoff,1967-07-01,,male,True,http://archiv.bachmannpreis.orf.at/bachmannpreis.eu/de/autoren/4273/index.html,,
675,675,Larissa,,Boehning,1971-08-25,,female,True,http://archiv.bachmannpreis.orf.at/bachmannpreis.eu/de/autoren/4297/index.html,,
676,676,Georg,,Petz,1977-12-21,,male,True,http://archiv.bachmannpreis.orf.at/bachmannpreis.eu/de/autoren/4641/index.html,,
677,677,Tex,,Rubinowitz,1961-12-05,,male,True,http://archiv.bachmannpreis.orf.at/bachmannpreis.eu/de/autoren/4632/index.html,,
678,678,Katharina,,Gericke,1966-04-04,,female,True,http://archiv.bachmannpreis.orf.at/bachmannpreis.eu/de/autoren/4653/index.html,,
679,679,Romana,,Ganzoni,1967-04-18,,female,True,http://archiv.bachmannpreis.orf.at/bachmannpreis.eu/de/autoren/4656/index.html,,
680,680,Michael,,Fehr,1982-07-01,,male,True,http://archiv.bachmannpreis.orf.at/bachmannpreis.eu/de/autoren/4665/index.html,,
681,681,Senthuran,,Varatharajah,1984-07-01,,male,True,http://archiv.bachmannpreis.orf.at/bachmannpreis.eu/de/autoren/4626/index.html,,
682,682,Birgit,,Pölzl,1959-07-01,,female,True,http://archiv.bachmannpreis.orf.at/bachmannpreis.eu/de/autoren/4638/index.html,,
683,683,Anne-Kathrin,,Heier,1977-07-01,,female,True,http://archiv.bachmannpreis.orf.at/bachmannpreis.eu/de/autoren/4651/index.html,,
684,684,Gertraud,,Klemm,1971-07-06,,female,True,http://archiv.bachmannpreis.orf.at/bachmannpreis.eu/de/autoren/4648/index.html,,
685,685,Tobias,,Sommer,1978-07-01,,male,True,http://archiv.bachmannpreis.orf.at/bachmannpreis.eu/de/autoren/4629/index.html,,
686,686,Kerstin,,Preiwuß,1980-07-01,,female,True,http://archiv.bachmannpreis.orf.at/bachmannpreis.eu/de/autoren/4635/index.html,,
687,687,Roman,,Marchel,1974-07-01,,male,True,http://archiv.bachmannpreis.orf.at/bachmannpreis.eu/de/autoren/4644/index.html,,
688,688,Dana,,Grigorcea,1979-11-11,,female,True,https://bachmannpreis.orf.at/stories/2709008/,,
689,689,Teresa,,Präauer,1979-02-28,,female,True,https://bachmannpreis.orf.at/stories/2709019/,,
690,690,Anna,,Baar,1973-07-01,,female,True,https://bachmannpreis.orf.at/stories/2708993/,,
691,691,Jürg,,Halter,1980-06-23,,male,True,https://bachmannpreis.orf.at/stories/2709014/,,
692,692,Ronja,von,Rönne,1992-01-16,,female,True,https://bachmannpreis.orf.at/stories/2709072/,,
693,693,Monique,,Schwitter,1972-03-02,,female,True,https://bachmannpreis.orf.at/stories/2709277/,,
694,694,FALKNER,,,1970-07-01,,female,True,https://bachmannpreis.orf.at/stories/2708994/,,
695,695,Peter,,Truschner,1967-08-03,,male,True,https://bachmannpreis.orf.at/stories/2709073/,,
696,696,Valerie,,Fritsch,1989-05-14,,female,True,https://bachmannpreis.orf.at/stories/2709005/,,
697,697,Sven,,Recker,1973-07-01,,male,False,https://bachmannpreis.orf.at/stories/2709070/,,
698,698,Saskia,Hennig von,Lange,1976-07-01,,female,True,https://bachmannpreis.orf.at/stories/2709015/,,
699,699,Nora,,Gomringer,1980-01-26,,female,True,https://bachmannpreis.orf.at/stories/2709007/,,
700,700,Katerina,,Poladjan,1979-07-01,,female,True,https://bachmannpreis.orf.at/stories/2709728/,,
701,701,Astrid,,Sozio,1979-07-01,,female,False,https://bachmannpreis.orf.at/stories/2773166/,,
702,702,Sharon,Dodua,Otoo,1972-07-01,,female,True,https://bachmannpreis.orf.at/stories/2773160/,,
703,703,Ada,,Dorian,1981-09-12,,female,True,https://bachmannpreis.orf.at/stories/2773155/,,
704,704,Sylvie,,Schenk,1944-07-01,,female,True,https://bachmannpreis.orf.at/stories/2773163/,,
705,705,Tomer,,Gardi,1974-07-01,,male,True,https://bachmannpreis.orf.at/stories/2773156/,,
706,706,Isabelle,,Lehn,1979-07-01,,female,True,https://bachmannpreis.orf.at/stories/2773157/,,
707,707,Jan,,Snela,1980-07-01,,male,True,https://bachmannpreis.orf.at/stories/2773165/,,
708,708,Julia,,Wolf,1980-07-01,,female,True,https://bachmannpreis.orf.at/stories/2773167/,,
709,709,Selim,,Özdoğan,1971-07-01,,male,True,https://bachmannpreis.orf.at/stories/2773159/,,
710,710,Bastian,,Schneider,1981-07-01,,male,False,https://bachmannpreis.orf.at/stories/2773164/,,
711,711,Marko,,Dinić,1988-07-01,,male,True,https://bachmannpreis.orf.at/stories/2773152/,,
712,712,Sascha,,Macht,1986-07-01,,male,False,https://bachmannpreis.orf.at/stories/2773158/,,
713,713,Stefanie,,Sargnagel,1986-01-14,,female,True,https://bachmannpreis.orf.at/stories/2773162/,,
714,714,Urs,,Mannhart,1975-08-19,,male,True,https://bachmannpreis.orf.at/stories/2843530/,,
715,715,Maxi,,Obexer,1970-07-01,,female,True,https://bachmannpreis.orf.at/stories/2843534/,,
716,716,Gianna,,Molinari,1988-07-01,,female,True,https://bachmannpreis.orf.at/stories/2843532/,,
717,717,Eckhart,,Nickel,1966-07-01,,male,True,https://bachmannpreis.orf.at/stories/2843533/,,
718,718,Jörg-Uwe,,Albig,1960-07-01,,male,True,https://bachmannpreis.orf.at/stories/2843523/,,
719,719,Jackie,,Thomae,1972-07-01,,female,True,https://bachmannpreis.orf.at/stories/2843538/,,
720,720,Verena,,Dürr,1982-07-01,,female,False,https://bachmannpreis.orf.at/stories/2843526/,,
721,721,Barbi,,Marković,1980-07-01,,female,True,https://bachmannpreis.orf.at/stories/2843531/,,
722,722,Ferdinand,,Schmalz,1985-07-01,,male,True,https://bachmannpreis.orf.at/stories/2843536/,,
723,723,Noemi,,Schneider,1982-07-01,,female,True,https://bachmannpreis.orf.at/stories/2843537/,,
724,724,John,,Wray,1971-07-01,,male,True,https://bachmannpreis.orf.at/stories/2843540/,,
725,725,Björn,,Treber,1992-05-27,,male,True,https://bachmannpreis.orf.at/stories/2843539/,,
726,726,Karin,,Peschka,1967-07-01,,female,True,https://bachmannpreis.orf.at/stories/2843535/,,
727,727,Lennardt,,Loß,1992-07-01,,male,False,https://bachmannpreis.orf.at/stories/2914742/,,
728,728,Özlem,Özgül,Dündar,1983-07-01,,female,True,https://bachmannpreis.orf.at/stories/2914730/,,
729,729,Stephan,,Groetzner,1965-10-05,,male,True,https://bachmannpreis.orf.at/stories/2914734/,,
730,730,Jakob,,Nolte,1988-07-01,,male,True,https://bachmannpreis.orf.at/stories/2914747/,,
731,731,Anselm,,Neft,1973-07-06,,male,True,https://bachmannpreis.orf.at/stories/2914744/,,
732,732,Bov,,Bjerg,1965-07-01,,male,True,https://bachmannpreis.orf.at/stories/2914727/,,
733,733,Tanja,,Maljartschuk,1983-07-01,,female,True,https://bachmannpreis.orf.at/stories/2914743/,,
734,734,Ally,,Klein,1984-07-01,,female,False,https://bachmannpreis.orf.at/stories/2914737/,,
735,735,Corinna,T.,Sievers,1965-08-04,,female,True,https://bachmannpreis.orf.at/stories/2914748/,,
736,736,Joshua,,Groß,1989-07-01,,male,True,https://bachmannpreis.orf.at/stories/2914735/,,
737,737,Anna,,Stern,1990-07-01,,female,True,https://bachmannpreis.orf.at/stories/2914749/,,
738,738,Stephan,,Lohse,1964-07-01,,male,True,https://bachmannpreis.orf.at/stories/2914739/,,
739,739,Martina,,Clavadetscher,1979-08-01,,female,True,https://bachmannpreis.orf.at/stories/2914728/,,
740,740,Raphaela,,Edelbauer,1990-07-01,,female,True,https://bachmannpreis.orf.at/stories/2914731/,,
741,741,Martin,,Beyer,1976-07-01,,male,False,https://bachmannpreis.orf.at/stories/2978618/,,
742,742,Lukas,,Meschik,1988-07-01,,male,True,https://bachmannpreis.orf.at/stories/2978633/,,
743,743,Leander,,Fischer,1992-07-01,,male,True,https://bachmannpreis.orf.at/stories/2978623/,,
744,744,Ines,,Birkhan,1974-07-01,,female,True,https://bachmannpreis.orf.at/stories/2978619/,,
745,745,Tom,,Kummer,1961-01-14,,male,True,https://bachmannpreis.orf.at/stories/2978631/,,
746,746,Daniel,,Heitzler,1996-07-01,,male,False,https://bachmannpreis.orf.at/stories/2978628/,,
747,747,Birgit,,Birnbacher,1985-07-16,,female,True,https://bachmannpreis.orf.at/stories/2978620/,,
748,748,Ronya,,Othmann,1993-01-12,,female,True,https://bachmannpreis.orf.at/stories/2978634/,,
749,749,Yannic,Han Biao,Federer,1986-07-01,,male,True,https://bachmannpreis.orf.at/stories/2978622/,,
750,750,Andrea,,Gerster,1959-04-21,,female,True,https://bachmannpreis.orf.at/stories/2978624/,,
751,751,Julia,,Jost,1982-07-01,,female,True,https://bachmannpreis.orf.at/stories/2978630/,,False
752,752,Silvia,,Tschui,1974-07-01,,female,True,https://bachmannpreis.orf.at/stories/2978636/,Biel,False
753,753,Sarah,,Wipauer,1986-07-01,,female,False,https://bachmannpreis.orf.at/stories/2978638/,,
754,754,Katharina,,Schultens,1980-07-01,,female,True,https://bachmannpreis.orf.at/stories/2978635/,,
755,755,Levin,,Westermann,1980-07-01,Meerbusch,male,True,https://bachmannpreis.orf.at/stories/3047147/,Biel,False
756,756,Carolina,,Schutti,1976-07-01,Innsbruck,female,True,https://bachmannpreis.orf.at/stories/3047146/,,True
757,757,Helga,,Schubert,1940-01-07,Berlin,female,True,https://bachmannpreis.orf.at/stories/3047140/,,True
758,758,Katja,,Schönherr,1982-07-01,Marienberg (Sachsen),female,False,https://bachmannpreis.orf.at/stories/3047139/,Bern,
759,759,Jasmin,,Ramadan,1974-02-18,Hamburg,female,True,https://bachmannpreis.orf.at/stories/3047133/,,False
760,760,Jörg,,Piringer,1974-07-01,Wien,male,False,https://bachmannpreis.orf.at/stories/3047128/,,
761,761,Egon,Christian,Leitner,1961-07-01,Graz,male,True,https://bachmannpreis.orf.at/stories/3047126/,,
762,762,Meral,,Kureyshi,1983-07-01,Prizren,female,True,https://bachmannpreis.orf.at/stories/3047122/,Biel,False
763,763,Lisa,,Krusche,1990-07-01,Hildesheim,female,False,https://bachmannpreis.orf.at/stories/3047118/,,
764,764,Leonhard,,Hieronymi,1987-07-01,Bad Homburg,male,False,https://bachmannpreis.orf.at/stories/3047117/,,
765,765,Hanna,,Herbst,1990-07-01,Mainz,female,True,https://bachmannpreis.orf.at/stories/3047116/,,False
766,766,Lydia,,Haider,1985-06-27,Steyr,female,True,https://bachmannpreis.orf.at/stories/3047041/,,False
767,767,Laura,,Freudenthaler,1984-07-01,Salzburg,female,True,https://bachmannpreis.orf.at/stories/3047039/,,False
