author_id,first_name,middle_name,last_name,birth_place,birth_date,gender,has_wikipedia,website,literaturinstitut,has_phd
0,Reto,,Hänny,,1947-04-13,male,True,,,
1,Jost,,Perfahl,,,male,False,,,
2,Elisabeth,,Plessen,,1944-03-15,female,True,,,
3,Vintila,,Ivanceanu,,1940-12-26,male,True,,,
4,Horst,,Bienek,,1930-05-07,male,True,,,
5,Renate,,Schostack,,1938-01-10,female,True,,,
6,Klaus,,Stiller,,1941-04-15,male,True,,,
7,Maria,Elisabeth,Straub,,1943-11-15,female,True,,,
8,Hans-Jürgen,,Fröhlich,,1932-08-04,male,True,,,
9,Herbert,,Eisenreich,,1925-02-07,male,True,,,
10,Marie-Thérèse,,Kerschbaumer,,1936-08-31,female,True,,,
11,Uwe,,Bolius,,1940-08-06,male,True,,,
12,Karin,,Struck,,1947-05-14,female,True,,,
13,Gert,,Jonke,,1946-02-08,male,True,,,
14,Jürg,,Laederach,,1945-12-20,male,True,,,
15,Dieter,,Kühn,,1935-02-01,male,True,,,
16,Peter,,Schalmey,,,male,False,,,
17,Godehard,,Schramm,,1943-12-24,male,True,,,
18,Heinz,,Pototschnig,,1923-06-30,male,True,,,
19,Gerhard,,Meier,,1917-06-20,male,True,,,
20,Walter,,Kappacher,,1938-10-24,male,True,,,
21,Hermann,,Friedl,,1920-02-21,male,True,,,
22,Rolf,,Schneider,,1932-04-17,male,True,,,
23,O.,P.,Zier,,1954-10-20,male,True,,,
24,Hannelies,,Taschau,,1937-04-26,female,True,,,
25,Helga,,Schütz,,1937-10-02,female,True,,,
26,Jutta,,Schutting,,1937-10-25,female,True,,,
27,Eva,,Schindler,,1930-05-12,female,True,,,
28,Peter,,Renz,,1946-06-08,male,True,,,
29,Ulrich,,Plenzdorf,,1934-10-26,male,True,,,
30,Erika,,Pedretti,,1930-02-25,female,True,,,
31,Hanns-Josef,,Ortheil,,1951-11-05,male,True,,,
32,Engelbert,,Obernosterer,,1936-12-28,male,True,,,
33,E.,Y.,Meyer,,1946-10-11,male,True,,,
34,Angelika,,Mechtel,,1943-08-26,female,True,,,
35,Gertrud,,Leutenegger,,1948-12-07,female,True,,,
36,Ursula,,Krechel,,1947-12-04,female,True,,,
37,Hermann,,Kinder,,1944-05-18,male,True,,,
38,Christine,,Haidegger,,1942-02-27,female,True,,,
39,Heidulf,,Gerngross,,1939-07-01,male,True,,,
40,Christoph,,Geiser,,1949-08-03,male,True,,,
41,Herbert,,Fleck,,1941-07-01,male,True,,,
42,Ludwig,,Fels,,1946-11-27,male,True,,,
43,Helmut,,Eisendle,,1939-01-12,male,True,,,
44,Jeannie,,Ebner,,1918-11-17,female,True,,,
45,Catarina,,Carsten,,1920-04-23,female,True,,,
46,Hermann,,Burger,,1942-07-10,male,True,,,
47,Katja,,Behrens,,1942-12-18,female,True,,,
48,Walter,,Müller,,1950-07-01,male,True,,,
49,Gerald,,Zschorsch,,1951-12-25,male,True,,,
50,Josef,,Winkler,,1953-03-03,male,True,http://archiv.bachmannpreis.orf.at/25_jahre/1996/autoren_1996.htm,,
51,Erich,Wolfgang,Skwara,,1948-11-04,male,True,,,
52,Doris,,Richter,,,female,False,,,
53,Ernst,,Nowak,,1944-03-13,male,True,,,
54,Dorothea,,Macheiner,,1943-03-21,female,True,,,
55,Martin,,Luksan,,1947-07-01,male,True,,,
56,Klaus,,Konjetzky,,1943-05-02,male,True,,,
57,Paul,,Kersten,,1943-06-23,male,True,,,
58,Diana,,Kempff,,1945-06-11,female,True,,,
59,Hanna,,Johansen,,1939-06-17,female,True,,,
60,Katrine,von,Hutten,,1944-05-03,female,True,,,
61,Karl,Günther,Hufnagel,,1928-07-21,male,True,,,
62,Heribert,,Hopf,,1936-02-14,male,True,,,
63,Gert,,Hofmann,,1931-01-29,male,True,,,
64,Lukas,,Hartmann,,1944-08-29,male,True,,,
65,Marianne,,Gruber,,1944-06-04,female,True,,,
66,Markus,,Fenner,,,male,False,,,
67,Maria,,Felsenreich,,,female,False,,,
68,Gunter,,Falk,,1942-10-26,male,True,,,
69,Ernst-Jürgen,,Dreyer,,1934-08-20,male,True,,,
70,Helmut,,Degner,,1929-03-24,male,True,,,
71,Jan,,Christ,,1934-06-28,male,True,,,
72,Franz,,Böni,,1952-06-17,male,True,,,
73,Jurek,,Becker,,1937-01-30,male,True,,,
74,Peter,,Roos,,1950-06-30,male,True,,,
75,Martin,Roda,Becher,,1944-10-21,male,True,,,
76,Renate,,Rasp,,1935-01-03,female,True,,,
77,Ingrid,,Puganigg,,1947-07-01,female,True,,,
78,Edwin,,Ortmann,,1941-03-05,male,True,,,
79,Sten,,Nadolny,,1942-07-29,male,True,,,
80,Klaus,,Merz,,1945-10-03,male,True,,,
81,Jürgen,,Lodemann,,1936-03-28,male,True,,,
82,Brigitte,,Kronauer,,1940-12-29,female,True,,,
83,Bodo,,Kirchhoff,,1948-07-06,male,True,,,
84,Anna,,Jonas,,1944-06-08,female,True,,,
85,Margarete,,Jehn,,1935-02-27,female,True,,,
86,Martin,,Grzimek,,1950-04-08,male,True,,,
87,Henning,,Grunwald,,1942-01-09,male,True,,,
88,Anton,,Fuchs,,1920-01-29,male,True,,,
89,Waltraud,,Friz,,,female,False,,,
90,Roderich,,Feldes,,1946-12-21,male,True,,,
91,Hans,,Drawe,,1942-07-01,male,True,,,
92,Margrit,von,Dach,,1946-06-24,female,True,,,
93,Hans,Christoph,Buch,,1944-04-13,male,True,,,
94,Margrit,,Baur,,1937-10-09,female,True,,,
95,Elisabeth,,Albertsen,,1939-09-15,female,True,,,
96,Ursula,,Adam,,1922-11-13,female,True,,,
97,Maja,,Beutler,,1936-12-08,female,True,,,
98,Christoph,,Kubelka,,,male,False,,,
99,Elisabeth,,Meylan,,1937-06-14,female,True,,,
100,Thomas,,Hürlimann,,1950-12-21,male,True,,,
101,Frank-Wolf,,Matthies,,1951-10-04,male,True,,,
102,Anton,,Dekan,,1948-12-18,male,True,,,
103,Adelheid,,Duvanel,,1936-04-23,female,True,,,
104,Klaus,,Hoffer,,1942-12-27,male,True,,,
105,Joseph,,Zoderer,,1935-11-25,male,True,,,
106,Gisela,,Zies,,1939-06-13,female,True,,,
107,Pierre,,Imhasly,,1939-11-14,male,True,,,
108,Andreas,,Nohl,,1954-08-26,male,True,,,
109,Eva,,Demski,,,female,True,,,
110,Christoph,,Burgauner,,1944-05-12,male,False,,,
111,Margrit,,Schriber,,1939-06-04,female,True,,,
112,Dominik,,Brun,,1948-08-21,male,True,,,
113,Urs,,Jaeggi,,1931-06-23,male,True,,,
114,Günter,,Hein,,,male,False,,,
115,Franz,,Mechsner,,1953-10-22,male,True,,,
116,Elfriede,,Czurda,,1946-04-25,female,True,,,
117,Ilma,,Rakusa,,1946-01-02,female,True,,,
118,Ulrich,,Schacht,,1951-03-09,male,True,,,
119,Rolf,,Niederhauser,,1951-10-25,male,True,,,
120,Michael,,Rößner,,,male,False,,,
121,Zbigniew,,Krempf,,,male,False,,,
122,Pascal,,Morché,,,male,False,,,
123,Guntram,,Vesper,,1941-05-28,male,True,,,
124,Emil,,Zopfi,,1943-01-04,male,True,,,
125,Matthias,,Zschokke,,1954-10-29,male,True,,,
126,Michael,,Zeller,,1944-10-29,male,True,,,
127,Irina,,Zaharescu,,,female,False,,,
128,Uwe,,Wolff,,,male,False,,,
129,Johanna,,Walser,,1957-04-03,female,True,,,
130,Walter,,Vogl,,1958-12-26,male,True,,,
131,Lothar,,Schöne,,1949-07-16,male,True,,,
132,Erasmus,,Schöfer,,1931-06-04,male,True,,,
133,Einar,,Schleef,,1944-01-17,male,True,,,
134,Gerald,,Szyszkowitz,,1938-07-22,male,True,,,
135,Udo,,Rabsch,,1944-07-01,male,True,,,
136,Jochen,,Link,,1943-05-09,male,True,,,
137,Friedrich,Wilhelm,Korff,,1939-12-29,male,True,,,
138,Walter,,Klier,,1955-07-05,male,True,,,
139,Roswitha,,Hamadani,,1944-08-07,female,True,,,
140,Brigitte,,Gutenbrunner,,,female,False,,,
141,Alfred,,Gulden,,1944-01-25,male,True,,,
142,Robert,,Gratzer,,1948-07-09,male,True,,,
143,Wolfgang,Georg,Fischer,,1933-10-24,male,True,,,
144,Ulla,,Berkéwicz,,1948-11-05,female,True,,,
145,Birgitta,,Arens,,1948-11-16,female,True,,,
146,Jürg,,Amann,,1947-07-02,male,True,,,
147,Eva,Maria,Alves,,,female,False,,,
148,Andrea,,Wolfmayr,,1953-07-16,female,True,,,
149,Michael,,Schneider,,1943-04-04,male,True,,,
150,Friederike,,Roth,,1948-04-06,female,True,,,
151,Uwe,,Herms,,1937-09-09,male,True,,,
152,Karin,,Reschke,,1940-09-17,female,True,,,
153,Bettina,,Blumenberg,,1947-12-17,female,True,,,
154,Gudrun,,Brug,,1949-06-10,female,True,,,
155,Jochen,,Missfeldt,,1941-01-26,male,True,,,
156,Bodo,,Morshäuser,,1953-02-28,male,True,,,
157,Alban,Nikolai,Herbst,,1955-02-07,male,True,http://archiv.bachmannpreis.orf.at/25_jahre/1996/autoren_1996.htm,,
158,Zsuzsanna,,Gahse,,1946-06-27,female,True,,,
159,Rainald,,Goetz,,1954-05-24,male,True,,,
160,Wolfgang,,Held,,1933-08-15,male,True,,,
161,Gerhard,,Köpf,,1948-09-19,male,True,,,
162,Roland,,Lang,,1942-04-02,male,True,,,
163,Romie,,Lie,,1954-06-07,female,True,,,
164,Lisa,,Witasek,,1956-03-08,female,True,,,
165,Birgit,,Pausch,,1942-02-07,female,True,,,
166,Hansjörg,,Schertenleib,,1957-11-04,male,True,,,
167,Martin,,Mosebach,,1951-07-31,male,True,,,
168,Wolfgang,,Linder,,1961-08-07,male,True,,,
169,Libuše,,Moníková,,1945-08-30,female,True,,,
170,Martin,R.,Dean,,1955-07-17,male,True,,,
171,Frank,,Werner,,1944-05-07,male,True,,,
172,Monika,,Helfer-Friedrich,,1947-10-18,female,True,,,
173,Erich,,Loest,,1926-02-24,male,True,,,
174,Gabrielle,,Weigand,,,female,False,,,
175,Peter,,Weibel,,,male,False,,,
176,Keto,von,Waberer,,1942-02-24,female,True,,,
177,Ralf,,Thenior,,1945-06-04,male,True,,,
178,Thomas,,Strittmatter,,1961-12-18,male,True,,,
179,Harald,,Strätz,,1951-07-17,male,True,,,
180,Beat,,Sterchi,,1949-12-12,male,True,,,
181,Kristin,T.,Schnider,,1960-07-01,female,True,,,
182,Eva,,Schmidt,,1952-05-17,female,True,,,
183,Evelyn,,Schlag,,1952-12-22,female,True,,,
184,Ernst,Alexander,Rauter,,1929-04-27,male,True,,,
185,Erica,,Pedretti,,1930-02-25,female,True,,,
186,Helen,,Meier,,1929-04-17,female,True,,,
187,Norbert,,Loacker,,1939-07-22,male,True,,,
188,Hans-Jürgen,,Kühn,,,male,False,,,
189,Jörg,,Krichbaum,,1945-11-02,male,True,,,
190,Marcel,,Konrad,,1954-05-06,male,True,,,
191,Michael,,Köhlmeier,,1949-10-15,male,True,,,
192,Wolfgang,,Hegewald,,1952-03-26,male,True,,,
193,Josef,,Haslinger,,1955-07-05,male,True,,,
194,Jörg,,Fauser,,1944-07-16,male,True,,,
195,Wolf-Dieter,,Eigner,,1952-10-17,male,True,,,
196,Gerd-Peter,,Eigner,,1942-04-21,male,True,,,
197,Jochen,,Beyse,,1949-10-15,male,True,,,
198,Ginka,,Steinwachs,,1942-10-31,female,True,,,
199,Angelika,,Stark,,,female,False,,,
200,Heinz,,Stalder,,1939-07-01,male,True,,,
201,Joachim,,Scholz,,1924-10-21,male,True,,,
202,Hartmut,,Riederer,,1942-07-11,male,True,,,
203,Elena,,Richterich,,,female,False,,,
204,Oskar,von,Reuth,,,male,False,,,
205,Linda,,Pfeiffer,,1948-05-25,female,True,,,
206,Waltraud,Anna,Mitgutsch,,1948-10-02,female,True,,,
207,Hans,,Meyer-Hörstgen,,1948-07-01,male,True,,,
208,Birgit,,Kempker,,1956-05-28,female,True,http://archiv.bachmannpreis.orf.at/bp_2000/autoren/fs_autoren.html,,
209,Margrit,,Irgang,,1948-01-08,female,True,,,
210,Gert,,Heidenreich,,1944-03-30,male,True,,,
211,Elfi,,Hartenstein,,1946-08-18,female,True,,,
212,Peter,,Grosz,,1947-09-18,male,True,,,
213,Günther,,Freitag,,1952-02-29,male,True,,,
214,Dante,Andrea,Franzetti,,1959-12-21,male,True,,,
215,Lilian,,Faschinger,,1950-04-29,female,True,,,
216,Josef,,Einwanger,,1935-02-08,male,True,,,
217,Fritz,H.,Dinkelmann,,1950-02-14,male,True,,,
218,Assen,,Asenov,,,male,False,,,
219,Nora,,Schmitt,,1924-10-11,female,True,,,
220,Andreas,,Reiter,,,male,False,,,
221,Arnulf,,Ploder,,1955-07-01,male,True,,,
222,Anita,,Pichler,,1948-01-28,female,True,,,
223,Jost,,Nickel,,1958-03-11,male,True,,,
224,Henrike,,Leonhardt,,1943-12-07,female,True,,,
225,Katja,,Lange-Müller,,1951-02-13,female,True,,,
226,Friederike,,Kretzen,,1956-07-20,female,True,,,
227,Bettina,,Klix,,1961-03-27,female,True,,,
228,Wolfgang,,Hermann,,1961-09-27,male,True,,,
229,Lukas,,Hammerstein,,1958-05-04,male,True,http://archiv.bachmannpreis.orf.at/bp2003/,,
230,Daniel,,Grolle,,1963-01-15,male,True,,,
231,Evelyn,,Grill,,1942-01-15,female,True,,,
232,Armin,,Gatterer,,1959-05-09,male,True,,,
233,Gerhard,,Falkner,,1951-03-15,male,True,,,
234,Daniela,,Castner,,1948-05-16,female,True,,,
235,Christiane,,Binder-Gasper,,1935-04-12,female,True,,,
236,Thorsten,,Becker,,1958-09-04,male,True,,,
237,Joseph,von,Westphalen,,1945-06-26,male,True,,,
238,Martin,,Stephan,,1945-08-10,male,True,,,
239,Manfred,,Seiler,,1952-07-01,male,True,,,
240,Maria,,Seidemann,,1944-10-16,female,True,,,
241,Uwe,,Saeger,,1948-01-03,male,True,,,
242,Linde,,Rotta,,1937-07-02,female,True,,,
243,Manfred,,Maurer,,1958-11-08,male,True,,,
244,Irina,,Liebmann,,1943-07-23,female,True,,,
245,Anna,,Langhoff,,1965-05-30,female,True,,,
246,Barbara,,Honigmann,,1949-02-12,female,True,,,
247,Paulus,,Hochgatterer,,1961-07-16,male,True,,,
248,Jutta,,Heinrich,,1940-04-04,female,True,,,
249,Friedrich,,Hahn,,1952-05-03,male,True,,,
250,Claudia,,Guderian,,1952-03-04,female,True,,,
251,Werner,,Fritsch,,1960-05-04,male,True,,,
252,Claudia,,Erdheim,,1945-10-06,female,True,,,
253,Urs,,Allemann,,1948-04-01,male,True,,,
254,Ursula,,Adam-Kabas,,1950-06-27,female,True,,,
255,Michael,,Wildenhain,,1958-09-20,male,True,,,
256,Hans-Eckardt,,Wenzel,,1955-07-31,male,True,,,
257,Brigitte,,Struzyk,,1946-04-02,female,True,,,
258,Flavio,,Steimann,,1945-12-13,male,True,,,
259,Elisabeth,,Reichart,,1953-11-19,female,True,http://archiv.bachmannpreis.orf.at/25_jahre/1997/autoren_1997.htm,,
260,Angela,,Praesent,,1945-03-29,female,True,,,
261,Andreas,,Neumeister,,1959-09-16,male,True,,,
262,Klaus,,Modick,,1951-05-03,male,True,,,
263,Jochen,,Langer,,1953-11-14,male,True,,,
264,Angela,,Krauß,,1950-05-02,female,True,,,
265,Christoph,,Keller,,1963-12-22,male,True,,,
266,Alios,,Haider,,,male,False,,,
267,Peter,,Haffner,,1953-01-29,male,True,,,
268,Anselm,,Glück,,1950-01-28,male,True,,,
269,Bernhard,,Gierds,,,male,False,,,
270,Hartmut,,Geerken,,1939-01-15,male,True,,,
271,Günter,,Franzen,,1947-01-17,male,True,,,
272,Wolfgang,de,Bruyn,,1951-07-01,male,True,,,
273,Rudolf,,Brun,,,male,False,,,
274,Sylvia,,Brandis,,1959-07-01,female,True,,,
275,Natascha,,Wodin,,1945-12-08,female,True,,,
276,Bruno,,Steiger,,1946-06-03,male,True,http://archiv.bachmannpreis.orf.at/25_jahre/1997/autoren_1997.htm,,
277,Split,,,,,male,False,,,
278,Alois,,Schöpf,,1950-10-05,male,True,,,
279,Bernd,,Schirmer,,1940-02-23,male,True,,,
280,Gernot,,Ragger,,1959-10-26,male,True,,,
281,Sabine,,Peters,,1961-01-17,female,True,,,
282,Franz,,Meisl,,,male,False,,,
283,Peter,,Kurzeck,,1943-06-10,male,True,,,
284,Angelika,,Klüssendorf,,1958-10-26,female,True,,,
285,Gabi,,Kachold,,,female,False,,,
286,Wolfgang,,Hilbig,,1941-08-31,male,True,,,
287,Thomas,,Hettche,,1964-11-30,male,True,,,
288,Kerstin,,Hensel,,1961-05-29,female,True,,,
289,Eberhard,,Häfner,,1941-10-24,male,True,,,
290,Norbert,,Gstrein,,1961-06-03,male,True,,,
291,Martin,,Ahrends,,1951-03-20,male,True,,,
292,Birgit,,Vanderbeke,,1956-08-08,female,True,,,
293,Stefan,,Tomas,,1943-02-12,male,True,,,
294,Alain,Claude,Sulzer,,1953-02-17,male,True,,,
295,W.,G.,Sebald,,1944-05-18,male,True,,,
296,Margit,,Schreiner,,1953-12-22,female,True,http://archiv.bachmannpreis.orf.at/25_jahre/1998/autoren_1998.htm,,
297,Susanne,,Röckel,,1953-06-14,female,True,,,
298,Berndt,,Rieger,,1962-09-09,male,True,,,
299,Christa,,Moog,,1952-01-30,female,True,,,
300,Andreas,,Montag,,1956-03-04,male,True,,,
301,Erich,,Möchel,,1957-08-28,male,True,,,
302,Cornelia,,Manikowsky,,1961-12-03,female,True,,,
303,Fritz-Jochen,,Kopka,,1944-04-14,male,True,,,
304,Reinhard,,Jirgl,,1953-01-16,male,True,,,
305,Franz,,Hodjak,,1944-09-27,male,True,,,
306,Ingeborg,,Harms,,1956-09-15,female,True,,,
307,Eleonore,,Frey,,1939-10-18,female,True,,,
308,Hubert,Konrad,Frank,,1939-09-12,male,True,,,
309,Ludwig,Roman,Fleischer,,1952-09-17,male,True,,,
310,Georg,,Bydlinski,,1956-05-30,male,True,,,
311,Christoph,,Buggert,,1937-06-17,male,True,,,
312,Pieke,,Biermann,,1950-03-22,female,True,,,
313,Peter,,Wawerzinek,,1954-09-28,male,True,http://archiv.bachmannpreis.orf.at/bachmannpreis.eu/de/autoren/2302/index.html,,
314,Ludger,,Schwarte,,1967-12-29,male,True,,,
315,SAID,,,,1947-05-27,male,True,,,
316,Theres,,Roth-Hunkeler,,1953-10-11,female,True,,,
317,Matthias,,Politycki,,1955-05-20,male,True,,,
318,Emine,Sevgi,Özdamar,,1946-08-10,female,True,,,
319,Wolfgang,,Mörth,,1958-08-29,male,True,,,
320,Francesco,,Micieli,,1956-02-21,male,True,,,
321,Fritz,Hendrick,Melle,,1960-10-07,male,True,,,
322,Ulrike,,Längle,,1953-02-04,male,True,,,
323,Sabine,,Küchler,,1965-05-15,female,True,,,
324,Judith,,Kuckart,,1959-06-17,female,True,,,
325,Roland,,Koch,,1959-11-02,male,True,,,
326,Durs,,Grünbein,,1962-10-09,male,True,,,
327,Walter,,Gnelli,,,male,False,,,
328,Hella,,Eckert,,1948-01-17,female,True,,,
329,Michael,,Eberth,,1943-02-02,male,True,,,
330,Marcel,,Beyer,,1965-11-23,male,True,,,
331,Gabrielle,,Alioth,,1955-04-21,female,True,,,
332,Kurt,,Aebli,,1955-10-20,male,True,http://archiv.bachmannpreis.orf.at/25_jahre/1996/autoren_1996.htm,,
333,Alissa,,Walser,,1961-01-24,female,True,,,
334,Burkhard,,Spinnen,,1956-12-28,male,True,,,
335,Sabine,,Scholl,,1959-03-28,female,True,,,
336,Ulrich,,Peltzer,,1956-12-09,male,True,,,
337,Roger,,Lille,,1956-08-17,male,True,,,
338,Fritz,,Krenn,,1958-01-28,male,True,,,
339,Jan,,Koneffke,,1960-11-19,male,True,,,
340,Christoph,,Janacs,,1955-10-04,male,True,,,
341,Alois,,Hotschnig,,1959-10-03,male,True,,,
342,Ulrich,,Holbein,,1953-01-24,male,True,,,
343,Wolfgang,,Herrmann,,1961-09-27,male,True,,,
344,Christa,,Hein,,1955-08-25,female,True,,,
345,Lioba,,Happel,,1957-02-07,female,True,,,
346,Manfred,,Flügge,,1946-03-03,male,True,,,
347,Bianca,,Döring,,1957-07-01,female,True,,,
348,Nobert,,Bleisch,,,male,False,,,
349,Friedrich,,Ani,,1959-01-07,male,True,,,
350,Christina,,Viragh,,1953-01-23,female,True,,,
351,Hans-Ulrich,,Treichel,,1952-08-12,male,True,,,
352,Wilfried,,Steiner,,1960-12-18,male,True,,,
353,Benjamin,,Stein,,1970-06-06,male,True,,,
354,Dirk,von,Petersdorff,,1966-03-16,male,True,http://archiv.bachmannpreis.orf.at/bachmannpreisv2/bachmannpreis/autoren/stories/110802/index.html,,
355,Thomas,,Lehr,,1957-11-22,male,True,,,
356,Ludwig,,Laher,,1955-12-11,male,True,http://archiv.bachmannpreis.orf.at//index2001.htm,,
357,Helmut,,Krausser,,1964-07-11,male,True,,,
358,Gabriele,,Kögl,,1960-04-16,female,True,,,
359,Michael,,Kleeberg,,1959-08-24,male,True,,,
360,Sandra,,Kellein,,1958-07-01,female,True,,,
361,Reinhard,,Kaiser,,1950-03-07,male,True,,,
362,Rudolf,,Habringer,,1960-09-13,male,True,,,
363,Christina,,Günther,,1962-07-01,female,True,,,
364,Sabine,,Gruber,,1963-08-06,female,True,,,
365,Susanne,,Geiger,,1964-08-13,female,True,,,
366,Kurt,,Drawert,,1956-03-15,male,True,,,
367,Jan,Peter,Bremer,,1965-02-16,male,True,http://archiv.bachmannpreis.orf.at/25_jahre/1996/autoren_1996.htm,,
368,Dirk,,Brauns,,1968-07-01,male,True,,,
369,Matthias,,Altenburg,,1958-07-01,male,True,,,
370,Andrea,,Worek,,,female,False,,,
371,Bernd,,Wagner,,1948-05-30,male,True,,,
372,Andrea,,Simmen,,1960-12-15,female,True,,,
373,Ruth,,Schweikert,,1965-07-15,female,True,,,
374,Frank,,Schulz,,1957-02-14,male,True,,,
375,Raoul,,Schrott,,1964-01-17,male,True,,,
376,Kathrin,,Röggla,,1971-06-14,female,True,,,
377,Georg,,Ringsgwandl,,1948-11-15,male,True,,,
378,Katharina,,Riese,,1946-05-04,female,True,,,
379,Urs,,Richle,,1965-06-24,male,True,,,
380,Doron,,Rabinovici,,1961-12-02,male,True,,,
381,Heidi,von,Plato,,1954-07-01,female,True,,,
382,Sibylle,,Mulot,,1950-05-03,female,True,,,
383,Stefanie,,Menzinger,,1965-03-24,female,True,,,
384,Dagmar,,Leupold,,1955-10-23,female,True,,,
385,Karina,,Kranhold,,,female,False,,,
386,Bernd,,Cailloux,,1945-07-09,male,True,,,
387,Hans,Ulrich,Bänziger,,1938-10-30,male,True,,,
388,Monika,,Wogrolly,,1967-08-11,female,True,,,
389,Wolfgang,,Wenger,,1962-11-18,male,True,,,
390,Ilija,,Trojanow,,1965-08-23,male,True,,,
391,Marion,,Titze,,1953-04-23,female,True,,,
392,Ingo,,Schulze,,1962-12-15,male,True,,,
393,Georg,,Pichler,,1959-07-30,male,True,,,
394,Georg,Martin,Oswald,,1963-08-05,male,True,http://archiv.bachmannpreis.orf.at/bp_2000/autoren/fs_autoren.html,,
395,Petra,,Morsbach,,1956-06-01,female,True,,,
396,Perikles,,Monioudis,,1966-09-08,male,True,,,
397,Mariella,,Mehr,,1947-12-27,female,True,,,
398,Ulrike,,Kolb,,1942-07-14,female,True,,,
399,Radek,,Knapp,,1964-08-03,male,True,,,
400,Volker,,Kaminski,,1958-07-14,male,True,,,
401,Joachim,,Helfer,,1964-08-26,male,True,,,
402,Klaus,,Händl,,1969-09-17,male,True,,,
403,Franzobel,,,,1967-03-01,male,True,,,
404,Gundi,,Feyrer,,1956-04-19,female,True,,,
405,Enrico,,Danieli,,1952-09-02,male,True,,,
406,Hanspeter,,Bundi,,1953-01-30,male,True,,,
407,Hansjörg,,Zauner,,1959-12-02,male,True,http://archiv.bachmannpreis.orf.at/25_jahre/1996/autoren_1996.htm,,
408,Sissi,,Tax,,1954-09-19,female,True,http://archiv.bachmannpreis.orf.at/25_jahre/1996/autoren_1996.htm,,
409,Yoko,,Tawada,,1960-03-23,female,True,http://archiv.bachmannpreis.orf.at/25_jahre/1996/autoren_1996.htm,,
410,Ingo,,Schramm,,1962-10-25,male,True,http://archiv.bachmannpreis.orf.at/25_jahre/1996/autoren_1996.htm,,
411,Sonja,,Ruf,,1967-04-10,female,True,http://archiv.bachmannpreis.orf.at/25_jahre/1996/autoren_1996.htm,,
412,Sonja,,Röder,,1964-11-30,female,True,http://archiv.bachmannpreis.orf.at/25_jahre/1996/autoren_1996.htm,,
413,Richard,,Obermayr,,1970-08-22,male,True,http://archiv.bachmannpreis.orf.at/25_jahre/1996/autoren_1996.htm,,
414,Alex,,Muggler,,,male,False,http://archiv.bachmannpreis.orf.at/25_jahre/1996/autoren_1996.htm,,
415,Lydia,,Mischkulnig,,1963-08-02,female,True,http://archiv.bachmannpreis.orf.at/25_jahre/1996/autoren_1996.htm,,
416,Herbert,,Maurer,,1965-05-12,male,True,http://archiv.bachmannpreis.orf.at/25_jahre/1996/autoren_1996.htm,,
417,Andreas,,Mand,,1959-12-14,male,True,http://archiv.bachmannpreis.orf.at/25_jahre/1996/autoren_1996.htm,,
418,Johannes,,Jansen,,1966-01-06,male,True,http://archiv.bachmannpreis.orf.at/25_jahre/1996/autoren_1996.htm,,
419,Felicitas,,Hoppe,,1960-12-22,female,True,http://archiv.bachmannpreis.orf.at/25_jahre/1996/autoren_1996.htm,,
420,Peter,,Henning,,1959-07-01,male,True,http://archiv.bachmannpreis.orf.at/25_jahre/1996/autoren_1996.htm,,
421,Heiko,Michael,Hartmann,,1957-07-01,male,True,http://archiv.bachmannpreis.orf.at/25_jahre/1996/autoren_1996.htm,,
422,Arno,,Geiger,,1968-07-22,male,True,http://archiv.bachmannpreis.orf.at/bachmannpreisv2/bachmannpreis/autoren/stories/11098/index.html,,
423,Adelheid,,Dahimène,,1956-06-02,female,True,http://archiv.bachmannpreis.orf.at/25_jahre/1996/autoren_1996.htm,,
424,Jürg,,Beeler,,1957-06-09,male,True,http://archiv.bachmannpreis.orf.at/25_jahre/1996/autoren_1996.htm,,
425,Ulrich,,Zieger,,1961-12-29,male,True,http://archiv.bachmannpreis.orf.at/25_jahre/1997/autoren_1997.htm,,
426,Thorsten,,Tornow,,1963-07-01,male,True,http://archiv.bachmannpreis.orf.at/25_jahre/1997/autoren_1997.htm,,
427,Peter,P.,Schwaiger,,1968-02-04,male,True,http://archiv.bachmannpreis.orf.at/25_jahre/1997/autoren_1997.htm,,
428,Wolfgang,,Schlüter,,1948-12-11,male,True,http://archiv.bachmannpreis.orf.at/25_jahre/1997/autoren_1997.htm,,
429,Norbert,,Niemann,,1961-05-20,male,True,http://archiv.bachmannpreis.orf.at/25_jahre/1997/autoren_1997.htm,,
430,Thomas,,Meinecke,,1955-08-25,male,True,http://archiv.bachmannpreis.orf.at/25_jahre/1997/autoren_1997.htm,,
431,Gila,,Lustiger,,1963-04-27,female,True,http://archiv.bachmannpreis.orf.at/25_jahre/1997/autoren_1997.htm,,
432,Tim,,Krohn,,1965-02-09,male,True,https://bachmannpreis.orf.at/stories/2709017/,,
433,Steffen,,Kopetzky,,1971-01-26,male,True,http://archiv.bachmannpreis.orf.at/25_jahre/1997/autoren_1997.htm,,
434,Zoë,,Jenny,,1974-03-16,female,True,http://archiv.bachmannpreis.orf.at/25_jahre/1997/autoren_1997.htm,,
435,Bettina,,Galvagni,,1976-03-26,female,True,http://archiv.bachmannpreis.orf.at/25_jahre/1997/autoren_1997.htm,,
436,Leopold,,Federmair,,1957-08-25,male,True,http://archiv.bachmannpreis.orf.at/bachmannpreis.eu/de/autoren/3824/index.html,,
437,Gion,Mathias,Cavelty,,1974-04-04,male,True,http://archiv.bachmannpreis.orf.at/25_jahre/1997/autoren_1997.htm,,
438,Marcus,,Braun,,1971-11-28,male,True,http://archiv.bachmannpreis.orf.at/25_jahre/1997/autoren_1997.htm,,
439,Jan,,Lurvink,,1965-10-14,male,True,http://archiv.bachmannpreis.orf.at/25_jahre/1998/autoren_1998.htm,,
440,Christian,,Futscher,,1960-04-19,male,True,http://archiv.bachmannpreis.orf.at/25_jahre/1998/autoren_1998.htm,,
441,Christian,Paul,Berger,,1957-07-28,male,True,http://archiv.bachmannpreis.orf.at/25_jahre/1998/autoren_1998.htm,,
442,Inka,,Bach,,1956-04-27,female,True,http://archiv.bachmannpreis.orf.at/25_jahre/1998/autoren_1998.htm,,
443,Olivia,,Kleinknecht,,1960-05-21,female,True,http://archiv.bachmannpreis.orf.at/25_jahre/1998/autoren_1998.htm,,
444,Sibylle,,Lewitscharoff,,1954-04-16,female,True,http://archiv.bachmannpreis.orf.at/25_jahre/1998/autoren_1998.htm,,
445,Kathrin,,Schmidt,,1958-03-12,female,True,http://archiv.bachmannpreis.orf.at/25_jahre/1998/autoren_1998.htm,,
446,Kurt,,Bracharz,,1947-09-28,male,True,http://archiv.bachmannpreis.orf.at/25_jahre/1998/autoren_1998.htm,,
447,Leander,,Scholz,,1969-04-16,male,True,http://archiv.bachmannpreis.orf.at/25_jahre/1998/autoren_1998.htm,,
448,Tim,,Staffel,,1965-10-02,male,True,http://archiv.bachmannpreis.orf.at/25_jahre/1998/autoren_1998.htm,,
449,John,von,Düffel,,1966-10-20,male,True,http://archiv.bachmannpreis.orf.at/25_jahre/1998/autoren_1998.htm,,
450,Silvia,,Szymanski,,1958-08-07,female,True,http://archiv.bachmannpreis.orf.at/25_jahre/1998/autoren_1998.htm,,
451,Ralf,,Bönt,,1963-07-01,male,True,http://archiv.bachmannpreis.orf.at/bachmannpreis.eu/de/autoren/849/index.html,,
452,Sibylle,,Severus,,1937-08-02,female,True,http://archiv.bachmannpreis.orf.at/25_jahre/1998/autoren_1998.htm,,
453,Michael,,Lentz,,1964-05-15,male,True,http://archiv.bachmannpreis.orf.at//index2001.htm,,
454,Christian,,Mähr,,1952-02-06,male,True,http://archiv.bachmannpreis.orf.at/bp99/fs_autoren.html,,
455,Aglaja,,Veteranyi,,1962-05-17,female,True,http://archiv.bachmannpreis.orf.at/bp99/fs_autoren.html,,
456,Stefan,,Beuse,,1967-01-31,male,True,http://archiv.bachmannpreis.orf.at/bp99/fs_autoren.html,,
457,Peter,,Stamm,,1963-01-18,male,True,http://archiv.bachmannpreis.orf.at/bp99/fs_autoren.html,,
458,Thor,,Kunkel,,1963-09-02,male,True,http://archiv.bachmannpreis.orf.at/bp99/fs_autoren.html,,
459,Ursula,,Fricker,,1965-11-13,female,True,http://archiv.bachmannpreis.orf.at/bp99/fs_autoren.html,,
460,Ruth,,Erat,,1951-08-03,female,True,http://archiv.bachmannpreis.orf.at/bp99/fs_autoren.html,,
461,Terézia,,Mora,,1971-02-05,female,True,http://archiv.bachmannpreis.orf.at/bp99/fs_autoren.html,,
462,Thomas,,Jonigk,,1966-03-04,male,True,http://archiv.bachmannpreis.orf.at/bp99/fs_autoren.html,,
463,Monika,,Helfer,,1947-10-18,female,True,http://archiv.bachmannpreis.orf.at/bp99/fs_autoren.html,,
464,Vladimir,,Vertlib,,1966-07-02,male,True,http://archiv.bachmannpreis.orf.at/bp99/fs_autoren.html,,
465,Gudrun,,Seidenauer,,1965-07-19,female,True,http://archiv.bachmannpreis.orf.at/bp99/fs_autoren.html,,
466,Christian,,Uetz,,1963-08-08,male,True,http://archiv.bachmannpreis.orf.at/bp99/fs_autoren.html,,
467,Patricia,,Görg,,1960-03-21,male,True,http://archiv.bachmannpreis.orf.at/bp99/fs_autoren.html,,
468,Thomas,,Kapielski,,1951-09-16,male,True,http://archiv.bachmannpreis.orf.at/bp99/fs_autoren.html,,
469,Katharina,,Hacker,,1967-01-11,female,True,http://archiv.bachmannpreis.orf.at/bp99/fs_autoren.html,,
470,Ulrike,,Draesner,,1962-01-20,female,True,http://archiv.bachmannpreis.orf.at/bp_2000/autoren/fs_autoren.html,,
471,Patrick,,Kokontis,,1964-09-04,male,True,http://archiv.bachmannpreis.orf.at/bp_2000/autoren/fs_autoren.html,,
472,Stephan,,Reimertz,,1962-03-04,male,True,http://archiv.bachmannpreis.orf.at/bp_2000/autoren/fs_autoren.html,,
473,Susanne,,Riedel,,1959-05-13,female,True,http://archiv.bachmannpreis.orf.at/bp_2000/autoren/fs_autoren.html,,
474,Martina,,Kieninger,,1966-07-01,female,True,http://archiv.bachmannpreis.orf.at/bp_2000/autoren/fs_autoren.html,,
475,Andreas,,Maier,,1967-09-01,male,True,http://archiv.bachmannpreis.orf.at/bp_2000/autoren/fs_autoren.html,,
476,Martin,,Amanshauser,,1968-07-01,male,True,http://archiv.bachmannpreis.orf.at/bp_2000/autoren/fs_autoren.html,,
477,Georg,,Klein,,1953-03-29,male,True,http://archiv.bachmannpreis.orf.at/bp_2000/autoren/fs_autoren.html,,
478,Stephan,,Alfare,,1966-01-28,male,True,http://archiv.bachmannpreis.orf.at/bp_2000/autoren/fs_autoren.html,,
479,Birgit,,Müller-Wieland,,1962-09-13,female,True,http://archiv.bachmannpreis.orf.at/bp_2000/autoren/fs_autoren.html,,
480,Malin,,Schwerdtfeger,,1972-12-27,female,True,http://archiv.bachmannpreis.orf.at/bp_2000/autoren/fs_autoren.html,,
481,Julia,,Franck,,1970-02-20,female,True,http://archiv.bachmannpreis.orf.at/bp_2000/autoren/fs_autoren.html,,
482,Daniel,,Goetsch,,1968-09-20,male,True,https://bachmannpreis.orf.at/stories/2843529/,,
483,David,,Wagner,,1971-04-17,male,True,http://archiv.bachmannpreis.orf.at/bp_2000/autoren/fs_autoren.html,,
484,Rainer,,Merkel,,1964-05-26,male,True,http://archiv.bachmannpreis.orf.at//index2001.htm,,
485,Philipp,,Tingler,,1970-07-01,male,True,http://archiv.bachmannpreis.orf.at//index2001.htm,,
486,Artur,,Becker,,1968-05-07,male,True,http://archiv.bachmannpreis.orf.at/bachmannpreisv2/bachmannpreis/autoren/stories/11100/index.html,,
487,Katrin,,Askan,,1966-02-21,female,True,http://archiv.bachmannpreis.orf.at//index2001.htm,,
488,Ulrich,,Schlotmann,,1962-08-11,male,True,http://archiv.bachmannpreis.orf.at//index2001.htm,,
489,Jenny,,Erpenbeck,,1967-03-12,female,True,http://archiv.bachmannpreis.orf.at//index2001.htm,,
490,Robert,,Fischer,,1960-07-01,male,True,http://archiv.bachmannpreis.orf.at//index2001.htm,,
491,Tanja,,Langer,,1962-09-10,female,True,http://archiv.bachmannpreis.orf.at//index2001.htm,,
492,Annegret,,Held,,1962-04-25,female,True,http://archiv.bachmannpreis.orf.at//index2001.htm,,
493,Brigitte,,Schär,,1958-02-01,female,True,http://archiv.bachmannpreis.orf.at//index2001.htm,,
494,Ute-Christine,,Krupp,,1962-07-01,female,True,http://archiv.bachmannpreis.orf.at//index2001.htm,,
495,Norbert,,Müller,,1963-03-16,male,True,http://archiv.bachmannpreis.orf.at/bp2003/,,
496,Antje,Rávic,Strubel,,1974-04-12,female,True,http://archiv.bachmannpreis.orf.at//index2001.htm,,
497,Heiner,,Link,,1960-02-05,male,True,http://archiv.bachmannpreis.orf.at//index2001.htm,,
498,Raphael,,Urweider,,1974-11-05,male,True,http://archiv.bachmannpreis.orf.at/bp2002/,,
499,Melanie,,Arns,,1980-02-19,female,True,http://archiv.bachmannpreis.orf.at/bp2002/,,
500,Helga,,Glantschnig,,1958-03-14,female,True,http://archiv.bachmannpreis.orf.at/bp2002/,,
501,Elfriede,,Kern,,1950-07-20,female,True,http://archiv.bachmannpreis.orf.at/bp2002/,,
502,Annette,,Pehnt,,1967-07-25,female,True,http://archiv.bachmannpreis.orf.at/bp2002/,,
503,Norbert,,Zähringer,,1967-05-04,male,True,http://archiv.bachmannpreis.orf.at/bp2002/,,
504,Roger,,Monnerat,,1949-03-07,male,True,http://archiv.bachmannpreis.orf.at/bp2002/,,
505,Daniel,,Zahno,,1963-11-18,male,True,http://archiv.bachmannpreis.orf.at/bp2002/,,
506,Christoph,W.,Bauer,,1968-07-01,male,True,http://archiv.bachmannpreis.orf.at/bp2002/,,
507,Peter,,Glaser,,1957-06-30,male,True,http://archiv.bachmannpreis.orf.at/bp2002/,,
508,Mirko,,Bonné,,1965-06-09,male,True,http://archiv.bachmannpreis.orf.at/bp2002/,,
509,Lukas,,Bärfuss,,1971-12-30,male,True,http://archiv.bachmannpreis.orf.at/bp2002/,,
510,Heinz,D.,Heisl,,1952-07-01,male,True,http://archiv.bachmannpreis.orf.at/bp2002/,,
511,Markus,,Ramseier,,1955-08-12,male,True,http://archiv.bachmannpreis.orf.at/bp2002/,,
512,Nina,,Jäckle,,1966-05-20,female,True,http://archiv.bachmannpreis.orf.at/bp2002/,,
513,Jörg,,Matheis,,1970-07-01,male,True,http://archiv.bachmannpreis.orf.at/bp2002/,,
514,Oswald,,Egger,,1963-03-07,male,True,http://archiv.bachmannpreis.orf.at/bp2003/,,
515,Inka,,Parei,,1967-02-05,female,True,http://archiv.bachmannpreis.orf.at/bp2003/,,
516,Christof,,Hamann,,1966-07-04,male,True,http://archiv.bachmannpreis.orf.at/bp2003/,,
517,Olga,,Flor,,1968-01-25,female,True,http://archiv.bachmannpreis.orf.at/bachmannpreis.eu/de/autoren/4661/index.html,,
518,Gregor,,Hens,,1965-11-25,male,True,http://archiv.bachmannpreis.orf.at/bp2003/,,
519,Kristof,,Schreuf,,1963-07-01,male,True,http://archiv.bachmannpreis.orf.at/bp2003/,,
520,Michael,,Stauffer,,1972-07-20,male,True,http://archiv.bachmannpreis.orf.at/bp2003/,,
521,Feridun,,Zaimoglu,,1964-12-04,male,True,http://archiv.bachmannpreis.orf.at/bp2003/,,
522,Sünje,,Lewejohann,,1972-07-01,female,True,http://archiv.bachmannpreis.orf.at/bp2003/,,
523,Ulla,,Lenze,,1973-09-18,female,True,http://archiv.bachmannpreis.orf.at/bp2003/,,
524,Henning,,Ahrens,,1964-11-22,male,True,http://archiv.bachmannpreis.orf.at/bp2003/,,
525,Susanne,,Fischer,,1960-08-18,female,True,http://archiv.bachmannpreis.orf.at/bp2003/,,
526,Katrin,de,Vries,,1959-07-01,female,True,http://archiv.bachmannpreis.orf.at/bp2003/,,
527,Christine,,Rinderknecht,,1954-12-05,female,True,http://archiv.bachmannpreis.orf.at/bp2003/,,
528,Christina,,Griebel,,1973-04-12,female,True,http://archiv.bachmannpreis.orf.at/bp2003/,,
529,Farhad,,Showghi,,1961-06-04,male,True,http://archiv.bachmannpreis.orf.at/bp2003/,,
530,Bettina,,Balàka,,1966-03-27,female,True,http://archiv.bachmannpreis.orf.at/bachmannpreisv2/bachmannpreis/autoren/stories/12264/index.html,,
531,Guy,,Helminger,,1963-01-20,male,True,http://archiv.bachmannpreis.orf.at/bachmannpreisv2/bachmannpreis/autoren/stories/11095/index.html,,
532,Roswitha,,Haring,,1960-10-09,female,True,http://archiv.bachmannpreis.orf.at/bachmannpreisv2/bachmannpreis/autoren/stories/11096/index.html,,
533,Arne,,Roß,,1966-09-20,male,True,http://archiv.bachmannpreis.orf.at/bachmannpreisv2/bachmannpreis/autoren/stories/11088/index.html,,
534,Melinda,Nadj,Abonji,,1968-06-22,female,True,http://archiv.bachmannpreis.orf.at/bachmannpreisv2/bachmannpreis/autoren/stories/11091/index.html,,
535,Uwe,,Tellkamp,,1968-10-28,male,True,http://archiv.bachmannpreis.orf.at/bachmannpreisv2/bachmannpreis/autoren/stories/11085/index.html,,
536,Andreas,,Münzner,,1967-09-26,male,True,http://archiv.bachmannpreis.orf.at/bachmannpreisv2/bachmannpreis/autoren/stories/11092/index.html,,
537,Richard,David,Precht,,1964-12-08,male,True,http://archiv.bachmannpreis.orf.at/bachmannpreisv2/bachmannpreis/autoren/stories/11090/index.html,,
538,Thomas,,Raab,,1968-11-23,male,True,http://archiv.bachmannpreis.orf.at/bachmannpreisv2/bachmannpreis/autoren/stories/11089/index.html,,
539,Rolf,,Schönlau,,1950-12-18,male,True,http://archiv.bachmannpreis.orf.at/bachmannpreisv2/bachmannpreis/autoren/stories/11086/index.html,,
540,Sandra,,Hoffmann,,1967-05-11,female,True,http://archiv.bachmannpreis.orf.at/bachmannpreisv2/bachmannpreis/autoren/stories/11093/index.html,,
541,Simona,,Sabato,,1964-07-01,female,True,http://archiv.bachmannpreis.orf.at/bachmannpreisv2/bachmannpreis/autoren/stories/11087/index.html,,
542,Dorothea,,Dieckmann,,1957-12-18,female,True,http://archiv.bachmannpreis.orf.at/bachmannpreisv2/bachmannpreis/autoren/stories/11099/index.html,,
543,Juli,,Zeh,,1974-06-30,female,True,http://archiv.bachmannpreis.orf.at/bachmannpreisv2/bachmannpreis/autoren/stories/11084/index.html,,
544,Wolfgang,,Herrndorf,,1965-06-12,male,True,http://archiv.bachmannpreis.orf.at/bachmannpreisv2/bachmannpreis/autoren/stories/11094/index.html,,
545,Anna,Katharina,Hahn,,1970-10-20,female,True,http://archiv.bachmannpreis.orf.at/bachmannpreisv2/bachmannpreis/autoren/stories/11097/index.html,,
546,Eva,von,Schirach,,1968-07-01,female,False,http://archiv.bachmannpreis.orf.at/bachmannpreisv2/bachmannpreis/autoren/stories/36436/index.html,,
547,Sabine,,Schiffner,,1965-09-24,female,True,http://archiv.bachmannpreis.orf.at/bachmannpreisv2/bachmannpreis/autoren/stories/36438/index.html,,
548,Thomas,,Lang,,1967-03-19,male,True,http://archiv.bachmannpreis.orf.at/bachmannpreisv2/bachmannpreis/autoren/stories/36475/index.html,,
549,Klaus,,Böldl,,1964-02-21,male,True,http://archiv.bachmannpreis.orf.at/bachmannpreisv2/bachmannpreis/autoren/stories/36481/index.html,,
550,Anna,,Kim,,1977-09-10,female,True,http://archiv.bachmannpreis.orf.at/bachmannpreisv2/bachmannpreis/autoren/stories/36477/index.html,,
551,Anne,,Weber,,1964-11-13,female,True,http://archiv.bachmannpreis.orf.at/bachmannpreisv2/bachmannpreis/autoren/stories/36355/index.html,,
552,Barbara,,Bongartz,,1957-09-11,female,True,http://archiv.bachmannpreis.orf.at/bachmannpreisv2/bachmannpreis/autoren/stories/36480/index.html,,
553,Gerhild,,Steinbuch,,1983-01-21,female,True,http://archiv.bachmannpreis.orf.at/bachmannpreisv2/bachmannpreis/autoren/stories/36390/index.html,,
554,Martina,,Hefter,,1965-06-11,female,True,http://archiv.bachmannpreis.orf.at/bachmannpreisv2/bachmannpreis/autoren/stories/36479/index.html,,
555,Christoph,,Simon,,1972-08-06,male,True,http://archiv.bachmannpreis.orf.at/bachmannpreisv2/bachmannpreis/autoren/stories/36392/index.html,,
556,Natalie,,Balkow,,1968-12-18,female,True,http://archiv.bachmannpreis.orf.at/bachmannpreisv2/bachmannpreis/autoren/stories/36336/index.html,,
557,Helmut,,Kuhn,,1962-07-01,male,True,http://archiv.bachmannpreis.orf.at/bachmannpreisv2/bachmannpreis/autoren/stories/36476/index.html,,
558,Kristof,,Magnusson,,1976-03-04,male,True,http://archiv.bachmannpreis.orf.at/bachmannpreisv2/bachmannpreis/autoren/stories/36474/index.html,,
559,Saša,,Stanišić,,1978-03-07,male,True,http://archiv.bachmannpreis.orf.at/bachmannpreisv2/bachmannpreis/autoren/stories/36391/index.html,,
560,Susanne,,Heinrich,,1985-11-13,female,True,http://archiv.bachmannpreis.orf.at/bachmannpreisv2/bachmannpreis/autoren/stories/36478/index.html,,
561,Julia,,Schoch,,1974-05-17,female,True,http://archiv.bachmannpreis.orf.at/bachmannpreisv2/bachmannpreis/autoren/stories/36435/index.html,,
562,Nikolai,,Vogel,,1971-01-10,male,True,http://archiv.bachmannpreis.orf.at/bachmannpreisv2/bachmannpreis/autoren/stories/36389/index.html,,
563,Ina,,Strelow,,1958-11-09,female,True,http://archiv.bachmannpreis.orf.at/bachmannpreisv2/bachmannpreis/autoren/stories/110805/index.html,,
564,Kai,,Weyand,,1968-07-01,male,True,http://archiv.bachmannpreis.orf.at/bachmannpreisv2/bachmannpreis/autoren/stories/110807/index.html,,
565,Kathrin,,Passig,,1970-06-04,female,True,http://archiv.bachmannpreis.orf.at/bachmannpreisv2/bachmannpreis/autoren/stories/110801/index.html,,
566,Katja,,Huber,,1971-07-12,female,True,http://archiv.bachmannpreis.orf.at/bachmannpreisv2/bachmannpreis/autoren/stories/110696/index.html,,
567,Norbert,,Scheuer,,1951-12-16,male,True,http://archiv.bachmannpreis.orf.at/bachmannpreisv2/bachmannpreis/autoren/stories/110804/index.html,,
568,Hanno,,Millesi,,1966-05-15,male,True,http://archiv.bachmannpreis.orf.at/bachmannpreisv2/bachmannpreis/autoren/stories/110803/index.html,,
569,Annette,,Mingels,,1971-08-18,female,True,http://archiv.bachmannpreis.orf.at/bachmannpreisv2/bachmannpreis/autoren/stories/110809/index.html,,
570,Paul,,Brodowsky,,1980-07-01,male,True,http://archiv.bachmannpreis.orf.at/bachmannpreisv2/bachmannpreis/autoren/stories/110694/index.html,,
571,Thomas,,Melle,,1975-03-17,male,True,http://archiv.bachmannpreis.orf.at/bachmannpreisv2/bachmannpreis/autoren/stories/110702/index.html,,
572,Claudia,,Klischat,,1970-07-01,female,True,http://archiv.bachmannpreis.orf.at/bachmannpreisv2/bachmannpreis/autoren/stories/110701/index.html,,
573,Andreas,,Merkel,,1970-08-21,male,True,http://archiv.bachmannpreis.orf.at/bachmannpreisv2/bachmannpreis/autoren/stories/110704/index.html,,
574,Kevin,,Vennemann,,1977-07-01,male,True,http://archiv.bachmannpreis.orf.at/bachmannpreisv2/bachmannpreis/autoren/stories/110806/index.html,,
575,Angelika,,Overath,,1957-07-17,female,True,http://archiv.bachmannpreis.orf.at/bachmannpreisv2/bachmannpreis/autoren/stories/110800/index.html,,
576,Clemens,,Meyer,,1977-08-20,male,True,http://archiv.bachmannpreis.orf.at/bachmannpreisv2/bachmannpreis/autoren/stories/110707/index.html,,
577,Silvio,,Huonder,,1954-10-06,male,True,http://archiv.bachmannpreis.orf.at/bachmannpreisv2/bachmannpreis/autoren/stories/110700/index.html,,
578,Bodo,,Hell,,1943-03-15,male,True,http://archiv.bachmannpreis.orf.at/bachmannpreisv2/bachmannpreis/autoren/stories/110695/index.html,,
579,Sigrid,,Behrens,,1976-05-28,female,True,http://archiv.bachmannpreis.orf.at/bachmannpreisv2/bachmannpreis/autoren/stories/110693/index.html,,
580,Martin,,Becker,,1982-11-02,male,True,http://archiv.bachmannpreis.orf.at/bachmannpreisv2/bachmannpreis/autoren/stories/195973/index.html,,
581,Thomas,,Stangl,,1966-01-04,male,True,http://archiv.bachmannpreis.orf.at/bachmannpreisv2/bachmannpreis/autoren/stories/195915/index.html,,
582,Björn,,Kern,,1978-04-22,male,True,http://archiv.bachmannpreis.orf.at/bachmannpreisv2/bachmannpreis/autoren/stories/195933/index.html,,
583,Jan,,Böttcher,,1973-07-01,male,True,http://archiv.bachmannpreis.orf.at/bachmannpreisv2/bachmannpreis/autoren/stories/195969/index.html,,
584,PeterLicht,,,,,male,True,http://archiv.bachmannpreis.orf.at/bachmannpreisv2/bachmannpreis/autoren/stories/195931/index.html,,
585,Kurt,,Oesterle,,1955-05-17,male,True,http://archiv.bachmannpreis.orf.at/bachmannpreisv2/bachmannpreis/autoren/stories/195928/index.html,,
586,Milena,,Oda,,1975-03-15,female,True,http://archiv.bachmannpreis.orf.at/bachmannpreisv2/bachmannpreis/autoren/stories/195929/index.html,,
587,Michael,,Stavaric,,1972-01-07,male,True,http://archiv.bachmannpreis.orf.at/bachmannpreisv2/bachmannpreis/autoren/stories/195913/index.html,,
588,Dieter,,Zwicky,,1957-09-07,male,True,https://bachmannpreis.orf.at/stories/2773168/,,
589,Ronald,,Reng,,1970-07-01,male,True,http://archiv.bachmannpreis.orf.at/bachmannpreisv2/bachmannpreis/autoren/stories/195925/index.html,,
590,Silke,,Scheuermann,,1973-06-15,female,True,http://archiv.bachmannpreis.orf.at/bachmannpreisv2/bachmannpreis/autoren/stories/195923/index.html,,
591,Lutz,,Seiler,,1963-06-08,male,True,http://archiv.bachmannpreis.orf.at/bachmannpreisv2/bachmannpreis/autoren/stories/195917/index.html,,
592,Fridolin,,Schley,,1976-10-29,male,True,http://archiv.bachmannpreis.orf.at/bachmannpreisv2/bachmannpreis/autoren/stories/195922/index.html,,
593,Jörg,,Albrecht,,1981-08-21,male,True,http://archiv.bachmannpreis.orf.at/bachmannpreisv2/bachmannpreis/autoren/stories/195974/index.html,,
594,Andrea,,Grill,,1975-01-16,female,True,http://archiv.bachmannpreis.orf.at/bachmannpreisv2/bachmannpreis/autoren/stories/195934/index.html,,
595,Jochen,,Schmidt,,1970-11-09,male,True,http://archiv.bachmannpreis.orf.at/bachmannpreisv2/bachmannpreis/autoren/stories/195920/index.html,,
596,Christian,,Bernhardt,,1964-01-22,male,True,http://archiv.bachmannpreis.orf.at/bachmannpreisv2/bachmannpreis/autoren/stories/195971/index.html,,
597,Jagoda,,Marinić,,1977-09-20,female,True,http://archiv.bachmannpreis.orf.at/bachmannpreisv2/bachmannpreis/autoren/stories/195930/index.html,,
598,Anette,,Selg,,1968-07-01,female,False,http://archiv.bachmannpreis.orf.at/bachmannpreis.eu/de/autoren/13/index.html,,
599,Tilman,,Rammstedt,,1975-05-02,male,True,http://archiv.bachmannpreis.orf.at/bachmannpreis.eu/de/autoren/20/index.html,,
600,Ulf,Erdmann,Ziegler,,1959-07-01,male,True,http://archiv.bachmannpreis.orf.at/bachmannpreis.eu/de/autoren/11/index.html,,
601,Pedro,,Lenz,,1965-03-08,male,True,http://archiv.bachmannpreis.orf.at/bachmannpreis.eu/de/autoren/24/index.html,,
602,Dagrun,,Hintze,,1971-07-01,female,True,http://archiv.bachmannpreis.orf.at/bachmannpreis.eu/de/autoren/27/index.html,,
603,Sudabeh,,Mohafez,,1963-07-01,female,True,http://archiv.bachmannpreis.orf.at/bachmannpreis.eu/de/autoren/23/index.html,,
604,Heike,,Geißler,,1977-04-05,female,True,http://archiv.bachmannpreis.orf.at/bachmannpreis.eu/de/autoren/26/index.html,,
605,Markus,,Orths,,1969-06-21,male,True,http://archiv.bachmannpreis.orf.at/bachmannpreis.eu/de/autoren/22/index.html,,
606,Patrick,,Findeis,,1975-07-01,male,True,http://archiv.bachmannpreis.orf.at/bachmannpreis.eu/de/autoren/25/index.html,,
607,Martin,von,Arndt,,1968-07-01,male,True,http://archiv.bachmannpreis.orf.at/bachmannpreis.eu/de/autoren/9/,,
608,Angelika,,Reitzer,,1971-07-01,female,True,http://archiv.bachmannpreis.orf.at/bachmannpreis.eu/de/autoren/14/index.html,,
609,Clemens,J.,Setz,,1982-11-15,male,True,http://archiv.bachmannpreis.orf.at/bachmannpreis.eu/de/autoren/12/index.html,,
610,Alina,,Bronsky,,1978-12-02,female,True,http://archiv.bachmannpreis.orf.at/bachmannpreis.eu/de/autoren/10/index.html,,
611,Thorsten,,Palzhoff,,1974-07-01,male,False,http://archiv.bachmannpreis.orf.at/bachmannpreis.eu/de/autoren/21/index.html,,
612,Caterina,,Satanik,,1976-07-01,female,False,http://archiv.bachmannpreis.orf.at/bachmannpreis.eu/de/autoren/840/index.html,,
613,Katharina,,Born,,1973-05-27,female,True,http://archiv.bachmannpreis.orf.at/bachmannpreis.eu/de/autoren/848/index.html,,
614,Andrea,,Winkler,,1972-07-01,female,True,http://archiv.bachmannpreis.orf.at/bachmannpreis.eu/de/autoren/836/index.html,,
615,Gregor,,Sander,,1968-04-24,male,True,http://archiv.bachmannpreis.orf.at/bachmannpreis.eu/de/autoren/841/index.html,,
616,Andreas,,Schäfer,,1969-05-20,male,True,http://archiv.bachmannpreis.orf.at/bachmannpreis.eu/de/autoren/839/index.html,,
617,Jens,,Petersen,,1976-03-20,male,True,http://archiv.bachmannpreis.orf.at/bachmannpreis.eu/de/autoren/844/index.html,,
618,Karl-Gustav,,Ruch,,1954-07-01,male,False,http://archiv.bachmannpreis.orf.at/bachmannpreis.eu/de/autoren/842/index.html,,
619,Linda,,Stift,,1968-02-26,female,True,http://archiv.bachmannpreis.orf.at/bachmannpreis.eu/de/autoren/838/index.html,,
620,Christiane,,Neudecker,,1974-03-16,female,True,http://archiv.bachmannpreis.orf.at/bachmannpreis.eu/de/autoren/845/index.html,,
621,Bruno,,Preisendörfer,,1957-07-01,male,True,http://archiv.bachmannpreis.orf.at/bachmannpreis.eu/de/autoren/843/index.html,,
622,Karsten,,Krampitz,,1969-12-24,male,True,http://archiv.bachmannpreis.orf.at/bachmannpreis.eu/de/autoren/847/index.html,,
623,Philipp,,Weiss,,1982-02-05,male,True,http://archiv.bachmannpreis.orf.at/bachmannpreis.eu/de/autoren/837/index.html,,
624,Lorenz,,Langenegger,,1980-07-01,male,True,http://archiv.bachmannpreis.orf.at/bachmannpreis.eu/de/autoren/846/index.html,,
625,Verena,,Rossbacher,,1979-07-01,female,True,http://archiv.bachmannpreis.orf.at/bachmannpreis.eu/de/autoren/2290/index.html,,
626,Christian,,Fries,,1959-07-01,male,True,http://archiv.bachmannpreis.orf.at/bachmannpreis.eu/de/autoren/2308/index.html,,
627,Iris,,Schmidt,,1967-07-01,female,False,http://archiv.bachmannpreis.orf.at/bachmannpreis.eu/de/autoren/2296/index.html,,
628,Josef,,Kleindienst,,1972-02-04,male,True,http://archiv.bachmannpreis.orf.at/bachmannpreis.eu/de/autoren/2281/index.html,,
629,Judith,,Zander,,1980-11-13,female,True,http://archiv.bachmannpreis.orf.at/bachmannpreis.eu/de/autoren/2305/index.html,,
630,Aleks,,Scholz,,1975-07-01,male,True,http://archiv.bachmannpreis.orf.at/bachmannpreis.eu/de/autoren/2299/index.html,,
631,Max,,Scharnigg,,1980-07-01,male,True,http://archiv.bachmannpreis.orf.at/bachmannpreis.eu/de/autoren/2293/index.html,,
632,Thomas,,Ballhausen,,1975-07-01,male,True,http://archiv.bachmannpreis.orf.at/bachmannpreis.eu/de/autoren/2272/index.html,,
633,Dorothee,,Elmiger,,1985-07-01,female,True,http://archiv.bachmannpreis.orf.at/bachmannpreis.eu/de/autoren/2275/index.html,,
634,Daniel,,Mezger,,1978-07-01,male,True,http://archiv.bachmannpreis.orf.at/bachmannpreis.eu/de/autoren/2287/index.html,,
635,Christopher,,Kloeble,,1982-07-03,male,True,http://archiv.bachmannpreis.orf.at/bachmannpreis.eu/de/autoren/2284/index.html,,
636,Volker,H.,Altwasser,,1969-12-31,male,True,http://archiv.bachmannpreis.orf.at/bachmannpreis.eu/de/autoren/2269/index.html,,
637,Sabrina,,Janesch,,1985-07-01,female,True,http://archiv.bachmannpreis.orf.at/bachmannpreis.eu/de/autoren/2278/index.html,,
638,Thomas,,Klupp,,1977-07-01,male,True,http://archiv.bachmannpreis.orf.at/bachmannpreis.eu/de/autoren/2956/index.html,,
639,Michel,,Božiković,,1971-07-01,male,False,http://archiv.bachmannpreis.orf.at/bachmannpreis.eu/de/autoren/2944/index.html,,
640,Anne,,Richter,,1973-07-01,female,False,http://archiv.bachmannpreis.orf.at/bachmannpreis.eu/de/autoren/2975/index.html,,
641,Leif,,Randt,,1983-07-01,male,True,http://archiv.bachmannpreis.orf.at/bachmannpreis.eu/de/autoren/2970/index.html,,
642,Steffen,,Popp,,1978-07-18,male,True,http://archiv.bachmannpreis.orf.at/bachmannpreis.eu/de/autoren/2960/index.html,,
643,Nina,,Bußmann,,1980-07-01,female,True,http://archiv.bachmannpreis.orf.at/bachmannpreis.eu/de/autoren/2947/index.html,,
644,Julya,,Rabinowich,,1970-07-01,female,True,http://archiv.bachmannpreis.orf.at/bachmannpreis.eu/de/autoren/2966/index.html,,
645,Maja,,Haderlap,,1961-03-08,female,True,http://archiv.bachmannpreis.orf.at/bachmannpreis.eu/de/autoren/2953/index.html,,
646,Linus,,Reichlin,,1957-06-09,male,True,http://archiv.bachmannpreis.orf.at/bachmannpreis.eu/de/autoren/2973/index.html,,
647,Antonia,,Baum,,1984-07-01,female,True,http://archiv.bachmannpreis.orf.at/bachmannpreis.eu/de/autoren/2941/index.html,,
648,Anna,Maria,Praßler,,1983-07-01,female,False,http://archiv.bachmannpreis.orf.at/bachmannpreis.eu/de/autoren/2963/index.html,,
649,Daniel,,Wisser,,1971-05-21,male,True,http://archiv.bachmannpreis.orf.at/bachmannpreis.eu/de/autoren/2982/index.html,,
650,Maximilian,,Steinbeis,,1970-09-07,male,True,http://archiv.bachmannpreis.orf.at/bachmannpreis.eu/de/autoren/2979/index.html,,
651,Gunther,,Geltinger,,1974-07-01,male,True,http://archiv.bachmannpreis.orf.at/bachmannpreis.eu/de/autoren/2950/index.html,,
652,Isabella,,Feimer,,1976-07-01,female,False,http://archiv.bachmannpreis.orf.at/bachmannpreis.eu/de/autoren/3820/index.html,,
653,Matthias,,Senkel,Greiz,1977-07-01,male,True,https://bachmannpreis.orf.at/stories/3047135/,Leipzig,
654,Matthias,,Nawrat,,1979-07-01,male,True,http://archiv.bachmannpreis.orf.at/bachmannpreis.eu/de/autoren/3800/index.html,,
655,Simon,,Froehling,,1978-07-01,male,True,http://archiv.bachmannpreis.orf.at/bachmannpreis.eu/de/autoren/3818/index.html,,
656,Lisa,,Kränzler,,1983-12-25,female,True,http://archiv.bachmannpreis.orf.at/bachmannpreis.eu/de/autoren/3812/index.html,,
657,Olga,,Martynova,,1962-02-26,female,True,http://archiv.bachmannpreis.orf.at/bachmannpreis.eu/de/autoren/3806/index.html,,
658,Cornelia,,Travnicek,,1987-01-22,female,True,http://archiv.bachmannpreis.orf.at/bachmannpreis.eu/de/autoren/3782/index.html,,
659,Inger-Maria,,Mahlke,,1977-07-01,female,True,http://archiv.bachmannpreis.orf.at/bachmannpreis.eu/de/autoren/3809/index.html,,
660,Sabine,,Hassinger,,1958-07-01,female,True,http://archiv.bachmannpreis.orf.at/bachmannpreis.eu/de/autoren/3815/index.html,,
661,Andreas,,Stichmann,,1983-07-01,male,True,http://archiv.bachmannpreis.orf.at/bachmannpreis.eu/de/autoren/3786/index.html,,
662,Mirjam,,Richner,,1988-07-01,female,False,http://archiv.bachmannpreis.orf.at/bachmannpreis.eu/de/autoren/3792/index.html,,
663,Hugo,,Ramnek,,1960-07-01,male,False,http://archiv.bachmannpreis.orf.at/bachmannpreis.eu/de/autoren/3795/index.html,,
664,Stefan,,Moster,,1964-08-16,male,True,http://archiv.bachmannpreis.orf.at/bachmannpreis.eu/de/autoren/3801/index.html,,
665,Nikola,Anne,Mehlhorn,,1967-09-11,female,True,http://archiv.bachmannpreis.orf.at/bachmannpreis.eu/de/autoren/4276/index.html,,
666,Benjamin,,Maack,,1978-04-03,male,True,http://archiv.bachmannpreis.orf.at/bachmannpreis.eu/de/autoren/4279/index.html,,
667,Roman,,Ehrlich,,1983-07-01,male,True,http://archiv.bachmannpreis.orf.at/bachmannpreis.eu/de/autoren/4291/index.html,,
668,Hannah,,Dübgen,,1977-07-01,female,True,http://archiv.bachmannpreis.orf.at/bachmannpreis.eu/de/autoren/4294/index.html,,
669,Katja,,Petrowskaja,,1970-02-03,female,True,http://archiv.bachmannpreis.orf.at/bachmannpreis.eu/de/autoren/4267/index.html,,
670,Philipp,,Schönthaler,,1976-10-13,male,True,http://archiv.bachmannpreis.orf.at/bachmannpreis.eu/de/autoren/4260/index.html,,
671,Heinz,,Helle,,1978-10-15,male,True,http://archiv.bachmannpreis.orf.at/bachmannpreis.eu/de/autoren/4285/index.html,,
672,Cordula,,Simon,,1986-03-27,female,True,http://archiv.bachmannpreis.orf.at/bachmannpreis.eu/de/autoren/4257/index.html,,
673,Zé,do,Rock,,1956-06-03,male,True,http://archiv.bachmannpreis.orf.at/bachmannpreis.eu/de/autoren/4263/index.html,,
674,Anousch,,Mueller,,1979-12-08,female,True,http://archiv.bachmannpreis.orf.at/bachmannpreis.eu/de/autoren/4270/index.html,,
675,Verena,,Güntner,,1978-07-01,female,True,http://archiv.bachmannpreis.orf.at/bachmannpreis.eu/de/autoren/4288/index.html,,
676,Nadine,,Kegele,,1980-07-01,female,True,http://archiv.bachmannpreis.orf.at/bachmannpreis.eu/de/autoren/4282/index.html,,
677,Joachim,,Meyerhoff,,1967-07-01,male,True,http://archiv.bachmannpreis.orf.at/bachmannpreis.eu/de/autoren/4273/index.html,,
678,Larissa,,Boehning,,1971-08-25,female,True,http://archiv.bachmannpreis.orf.at/bachmannpreis.eu/de/autoren/4297/index.html,,
679,Georg,,Petz,,1977-12-21,male,True,http://archiv.bachmannpreis.orf.at/bachmannpreis.eu/de/autoren/4641/index.html,,
680,Tex,,Rubinowitz,,1961-12-05,male,True,http://archiv.bachmannpreis.orf.at/bachmannpreis.eu/de/autoren/4632/index.html,,
681,Katharina,,Gericke,,1966-04-04,female,True,http://archiv.bachmannpreis.orf.at/bachmannpreis.eu/de/autoren/4653/index.html,,
682,Romana,,Ganzoni,,1967-04-18,female,True,http://archiv.bachmannpreis.orf.at/bachmannpreis.eu/de/autoren/4656/index.html,,
683,Michael,,Fehr,,1982-07-01,male,True,http://archiv.bachmannpreis.orf.at/bachmannpreis.eu/de/autoren/4665/index.html,,
684,Senthuran,,Varatharajah,,1984-07-01,male,True,http://archiv.bachmannpreis.orf.at/bachmannpreis.eu/de/autoren/4626/index.html,,
685,Birgit,,Pölzl,,1959-07-01,female,True,http://archiv.bachmannpreis.orf.at/bachmannpreis.eu/de/autoren/4638/index.html,,
686,Anne-Kathrin,,Heier,,1977-07-01,female,True,http://archiv.bachmannpreis.orf.at/bachmannpreis.eu/de/autoren/4651/index.html,,
687,Gertraud,,Klemm,,1971-07-06,female,True,http://archiv.bachmannpreis.orf.at/bachmannpreis.eu/de/autoren/4648/index.html,,
688,Tobias,,Sommer,,1978-07-01,male,True,http://archiv.bachmannpreis.orf.at/bachmannpreis.eu/de/autoren/4629/index.html,,
689,Kerstin,,Preiwuß,,1980-07-01,female,True,http://archiv.bachmannpreis.orf.at/bachmannpreis.eu/de/autoren/4635/index.html,,
690,Roman,,Marchel,,1974-07-01,male,True,http://archiv.bachmannpreis.orf.at/bachmannpreis.eu/de/autoren/4644/index.html,,
691,Dana,,Grigorcea,,1979-11-11,female,True,https://bachmannpreis.orf.at/stories/2709008/,,
692,Teresa,,Präauer,,1979-02-28,female,True,https://bachmannpreis.orf.at/stories/2709019/,,
693,Anna,,Baar,,1973-07-01,female,True,https://bachmannpreis.orf.at/stories/2708993/,,
694,Jürg,,Halter,,1980-06-23,male,True,https://bachmannpreis.orf.at/stories/2709014/,,
695,Ronja,von,Rönne,,1992-01-16,female,True,https://bachmannpreis.orf.at/stories/2709072/,,
696,Monique,,Schwitter,,1972-03-02,female,True,https://bachmannpreis.orf.at/stories/2709277/,,
697,FALKNER,,,,1970-07-01,female,True,https://bachmannpreis.orf.at/stories/2708994/,,
698,Peter,,Truschner,,1967-08-03,male,True,https://bachmannpreis.orf.at/stories/2709073/,,
699,Valerie,,Fritsch,,1989-05-14,female,True,https://bachmannpreis.orf.at/stories/2709005/,,
700,Sven,,Recker,,1973-07-01,male,False,https://bachmannpreis.orf.at/stories/2709070/,,
701,Saskia,Hennig von,Lange,,1976-07-01,female,True,https://bachmannpreis.orf.at/stories/2709015/,,
702,Nora,,Gomringer,,1980-01-26,female,True,https://bachmannpreis.orf.at/stories/2709007/,,
703,Katerina,,Poladjan,,1979-07-01,female,True,https://bachmannpreis.orf.at/stories/2709728/,,
704,Astrid,,Sozio,,1979-07-01,female,False,https://bachmannpreis.orf.at/stories/2773166/,,
705,Sharon,Dodua,Otoo,,1972-07-01,female,True,https://bachmannpreis.orf.at/stories/2773160/,,
706,Ada,,Dorian,,1981-09-12,female,True,https://bachmannpreis.orf.at/stories/2773155/,,
707,Sylvie,,Schenk,,1944-07-01,female,True,https://bachmannpreis.orf.at/stories/2773163/,,
708,Tomer,,Gardi,,1974-07-01,male,True,https://bachmannpreis.orf.at/stories/2773156/,,
709,Isabelle,,Lehn,,1979-07-01,female,True,https://bachmannpreis.orf.at/stories/2773157/,,
710,Jan,,Snela,,1980-07-01,male,True,https://bachmannpreis.orf.at/stories/2773165/,,
711,Julia,,Wolf,,1980-07-01,female,True,https://bachmannpreis.orf.at/stories/2773167/,,
712,Selim,,Özdoğan,,1971-07-01,male,True,https://bachmannpreis.orf.at/stories/2773159/,,
713,Bastian,,Schneider,,1981-07-01,male,False,https://bachmannpreis.orf.at/stories/2773164/,,
714,Marko,,Dinić,,1988-07-01,male,True,https://bachmannpreis.orf.at/stories/2773152/,,
715,Sascha,,Macht,,1986-07-01,male,False,https://bachmannpreis.orf.at/stories/2773158/,,
716,Stefanie,,Sargnagel,,1986-01-14,female,True,https://bachmannpreis.orf.at/stories/2773162/,,
717,Urs,,Mannhart,,1975-08-19,male,True,https://bachmannpreis.orf.at/stories/2843530/,,
718,Maxi,,Obexer,,1970-07-01,female,True,https://bachmannpreis.orf.at/stories/2843534/,,
719,Gianna,,Molinari,,1988-07-01,female,True,https://bachmannpreis.orf.at/stories/2843532/,,
720,Eckhart,,Nickel,,1966-07-01,male,True,https://bachmannpreis.orf.at/stories/2843533/,,
721,Jörg-Uwe,,Albig,,1960-07-01,male,True,https://bachmannpreis.orf.at/stories/2843523/,,
722,Jackie,,Thomae,,1972-07-01,female,True,https://bachmannpreis.orf.at/stories/2843538/,,
723,Verena,,Dürr,,1982-07-01,female,False,https://bachmannpreis.orf.at/stories/2843526/,,
724,Barbi,,Marković,,1980-07-01,female,True,https://bachmannpreis.orf.at/stories/2843531/,,
725,Ferdinand,,Schmalz,,1985-07-01,male,True,https://bachmannpreis.orf.at/stories/2843536/,,
726,Noemi,,Schneider,,1982-07-01,female,True,https://bachmannpreis.orf.at/stories/2843537/,,
727,John,,Wray,,1971-07-01,male,True,https://bachmannpreis.orf.at/stories/2843540/,,
728,Björn,,Treber,,1992-05-27,male,True,https://bachmannpreis.orf.at/stories/2843539/,,
729,Karin,,Peschka,,1967-07-01,female,True,https://bachmannpreis.orf.at/stories/2843535/,,
730,Lennardt,,Loß,,1992-07-01,male,False,https://bachmannpreis.orf.at/stories/2914742/,,
731,Özlem,Özgül,Dündar,,1983-07-01,female,True,https://bachmannpreis.orf.at/stories/2914730/,,
732,Stephan,,Groetzner,,1965-10-05,male,True,https://bachmannpreis.orf.at/stories/2914734/,,
733,Jakob,,Nolte,,1988-07-01,male,True,https://bachmannpreis.orf.at/stories/2914747/,,
734,Anselm,,Neft,,1973-07-06,male,True,https://bachmannpreis.orf.at/stories/2914744/,,
735,Bov,,Bjerg,,1965-07-01,male,True,https://bachmannpreis.orf.at/stories/2914727/,,
736,Tanja,,Maljartschuk,,1983-07-01,female,True,https://bachmannpreis.orf.at/stories/2914743/,,
737,Ally,,Klein,,1984-07-01,female,False,https://bachmannpreis.orf.at/stories/2914737/,,
738,Corinna,T.,Sievers,,1965-08-04,female,True,https://bachmannpreis.orf.at/stories/2914748/,,
739,Joshua,,Groß,,1989-07-01,male,True,https://bachmannpreis.orf.at/stories/2914735/,,
740,Anna,,Stern,,1990-07-01,female,True,https://bachmannpreis.orf.at/stories/2914749/,,
741,Stephan,,Lohse,,1964-07-01,male,True,https://bachmannpreis.orf.at/stories/2914739/,,
742,Martina,,Clavadetscher,,1979-08-01,female,True,https://bachmannpreis.orf.at/stories/2914728/,,
743,Raphaela,,Edelbauer,,1990-07-01,female,True,https://bachmannpreis.orf.at/stories/2914731/,,
744,Martin,,Beyer,,1976-07-01,male,False,https://bachmannpreis.orf.at/stories/2978618/,,
745,Lukas,,Meschik,,1988-07-01,male,True,https://bachmannpreis.orf.at/stories/2978633/,,
746,Leander,,Fischer,,1992-07-01,male,True,https://bachmannpreis.orf.at/stories/2978623/,,
747,Ines,,Birkhan,,1974-07-01,female,True,https://bachmannpreis.orf.at/stories/2978619/,,
748,Tom,,Kummer,,1961-01-14,male,True,https://bachmannpreis.orf.at/stories/2978631/,,
749,Daniel,,Heitzler,,1996-07-01,male,False,https://bachmannpreis.orf.at/stories/2978628/,,
750,Birgit,,Birnbacher,,1985-07-16,female,True,https://bachmannpreis.orf.at/stories/2978620/,,
751,Ronya,,Othmann,,1993-01-12,female,True,https://bachmannpreis.orf.at/stories/2978634/,,
752,Yannic,Han Biao,Federer,,1986-07-01,male,True,https://bachmannpreis.orf.at/stories/2978622/,,
753,Andrea,,Gerster,,1959-04-21,female,True,https://bachmannpreis.orf.at/stories/2978624/,,
754,Julia,,Jost,Sankt Veit an der Glan,1982-07-01,female,True,https://bachmannpreis.orf.at/stories/2978630/,,False
755,Silvia,,Tschui,Zürich,1974-07-01,female,True,https://bachmannpreis.orf.at/stories/2978636/,Biel,False
756,Sarah,,Wipauer,Wien,1986-07-01,female,False,https://bachmannpreis.orf.at/stories/2978638/,,
757,Katharina,,Schultens,Kirchen,1980-07-01,female,True,https://bachmannpreis.orf.at/stories/2978635/,,
758,Levin,,Westermann,Meerbusch,1980-07-01,male,True,https://bachmannpreis.orf.at/stories/3047147/,Biel,False
759,Carolina,,Schutti,Innsbruck,1976-07-01,female,True,https://bachmannpreis.orf.at/stories/3047146/,,True
760,Helga,,Schubert,Berlin,1940-01-07,female,True,https://bachmannpreis.orf.at/stories/3047140/,,True
761,Katja,,Schönherr,Marienberg,1982-07-01,female,False,https://bachmannpreis.orf.at/stories/3047139/,Bern,
762,Jasmin,,Ramadan,Hamburg,1974-02-18,female,True,https://bachmannpreis.orf.at/stories/3047133/,,False
763,Jörg,,Piringer,Wien,1974-07-01,male,False,https://bachmannpreis.orf.at/stories/3047128/,,
764,Egon,Christian,Leitner,Graz,1961-07-01,male,True,https://bachmannpreis.orf.at/stories/3047126/,,
765,Meral,,Kureyshi,"Prizren, Jugoslawien",1983-07-01,female,True,https://bachmannpreis.orf.at/stories/3047122/,Biel,False
766,Lisa,,Krusche,Hildesheim,1990-07-01,female,False,https://bachmannpreis.orf.at/stories/3047118/,,
767,Leonhard,,Hieronymi,Bad Homburg,1987-07-01,male,False,https://bachmannpreis.orf.at/stories/3047117/,,
768,Hanna,,Herbst,Mainz,1990-07-01,female,True,https://bachmannpreis.orf.at/stories/3047116/,,False
769,Lydia,,Haider,Steyr,1985-06-27,female,True,https://bachmannpreis.orf.at/stories/3047041/,,False
770,Laura,,Freudenthaler,Salzburg,1984-07-01,female,True,https://bachmannpreis.orf.at/stories/3047039/,,False
