,author_id,author_name,goodreads_name,goodreads_genre,total_publications,goodreads_followers,average_rating,ratings_count
0,0,Reto Hänny,Reto Hänny,,9,,3.33,9
1,1,Jost Perfahl,Jost Perfahl,,9,,3.2,5
2,2,Elisabeth Plessen,Elisabeth Plessen,,8,,3.23,43
3,3,Vintila Ivanceanu,Vintilă Ivănceanu,,5,,4.83,12
4,4,Horst Bienek,Horst Bienek,,24,2,4.02,96
5,5,Renate Schostack,Renate Schostack,,5,,2.0,1
6,6,Klaus Stiller,Klaus Stiller,,1,,0.0,0
7,7,Maria Elisabeth Straub,Maria Elisabeth Straub,,9,,3.78,214
8,8,Hans-Jürgen Fröhlich,Hans Jürgen Fröhlich,,1,,0.0,0
9,9,Herbert Eisenreich,Herbert Eisenreich,,4,,3.25,4
10,10,Marie-Thérèse Kerschbaumer,Marie-Therese Kerschbaumer,,4,1,4.33,3
11,11,Uwe Bolius,Uwe Bolius,,2,,1.0,1
12,12,Karin Struck,Karin Struck,,8,,3.31,16
13,13,Gert Jonke,Gert Jonke,Poetry|Theater,20,6,3.77,301
14,14,Jürg Laederach,Jürg Laederach,,15,3,3.73,22
15,15,Dieter Kühn,Dieter Kuhn,,28,,4.12,119
16,16,Peter Schalmey,Peter Schalmey,,3,,4.0,2
17,17,Godehard Schramm,Godehard Schramm,,6,,3.0,1
18,18,Heinz Pototschnig,Heinz Pototschnig,,1,,2.0,1
19,19,Gerhard Meier,Gerhard Meier,,48,,3.79,554
20,20,Walter Kappacher,Walter Kappacher,,15,8,3.04,184
21,21,Hermann Friedl,Hermann Friedl,,2,,2.0,1
22,22,Rolf Schneider,Rolf Schneider,,55,,3.84,31
23,23,O. P. Zier,O.P. Zier,,1,,2.14,7
24,24,Hannelies Taschau,Hannelies Taschau,,5,,3.67,3
25,25,Helga Schütz,Helga Schütz,,10,,2.67,3
26,26,Jutta Schutting,Jutta Schütt,,2,,0.0,0
27,27,Eva Schindler,Eva Schindler-Rainman,,2,,0.0,0
28,28,Peter Renz,Hans Peter Renz,,1,,0.0,0
29,29,Ulrich Plenzdorf,Ulrich Plenzdorf,Literature & Fiction,20,4,3.35,2448
30,30,Erika Pedretti,Erica Pedretti,,9,4,3.0,15
31,31,Hanns-Josef Ortheil,Hanns-Josef Ortheil,,62,26,3.81,1404
32,32,Engelbert Obernosterer,Engelbert Obernosterer,,1,,4.0,1
33,33,E. Y. Meyer,E.Y. Meyer,,7,,3.33,3
34,34,Angelika Mechtel,Angelika Mechtel,,21,,3.03,164
35,35,Gertrud Leutenegger,Gertrud Leutenegger,Poetry|Fiction,14,,2.76,51
36,36,Ursula Krechel,Ursula Krechel,,18,5,3.84,215
37,37,Hermann Kinder,Werner Hilgemann,,14,2,4.11,472
38,38,Christine Haidegger,Christine Haidegger,,2,1,0.0,0
39,40,Christoph Geiser,Christoph Geiser,,12,,2.73,11
40,41,Herbert Fleck,George Russel,,0,0,0.0,0
41,42,Ludwig Fels,Ludwig Fels,Fiction,17,1,3.48,23
42,43,Helmut Eisendle,Helmut Eisendle,,16,1,4.15,13
43,44,Jeannie Ebner,Richard Bach,"",8,4,3.77,230
44,45,Catarina Carsten,Catarina Carsten,,4,,0.0,0
45,46,Hermann Burger,Hermann Burger,Literature & Fiction,28,3,3.92,59
46,47,Katja Behrens,Katja Behrens,Literature & Fiction|Biographies & Memoirs,26,,3.49,76
47,48,Walter Müller,Robert Dodaro,,30,0,4.1,10
48,49,Gerald Zschorsch,Gerald K. Zschorsch,,2,,0.0,0
49,50,Josef Winkler,Josef Winkler,Fiction,29,18,3.62,454
50,51,Erich Wolfgang Skwara,Erich Wolfgang Skwara,,13,1,3.81,27
51,52,Doris Richter,Doris Richter,,34,,5.0,1
52,53,Ernst Nowak,Ernst Nowak,,4,,0.0,0
53,54,Dorothea Macheiner,Dorothea Macheiner,,3,,5.0,1
54,55,Martin Luksan,Martin Lussan,,0,,0.0,0
55,56,Klaus Konjetzky,Klaus Konjetzky,,3,1,3.2,5
56,57,Paul Kersten,Gunther Verheyen,"",8,0,2.0,2
57,58,Diana Kempff,Diana Kempff,,3,2,1.0,1
58,59,Hanna Johansen,Hanna Johansen,Children's Books|Literature & Fiction,35,1,3.56,322
59,60,Katrine von Hutten,Eudora Welty,"",4,0,3.0,3
60,61,Karl Günther Hufnagel,Karl Gunther Hufnagel,,2,,3.0,1
61,62,Heribert Hopf,Heribert Hofer,,0,,0.0,0
62,63,Gert Hofmann,Gert Hofmann,Literature & Fiction,24,7,3.65,310
63,64,Lukas Hartmann,Lukas Hartmann,,30,5,3.52,530
64,65,Marianne Gruber,Marianne Gruber,,10,1,3.11,9
65,66,Markus Fenner,Markus Zenner,,0,,0.0,0
66,67,Maria Felsenreich,Graham Greene,"",1,0,4.0,1
67,68,Gunter Falk,Janet Hutchings,"",0,0,0.0,0
68,69,Ernst-Jürgen Dreyer,Ernst-Jurgen Dreyer,,1,,0.0,0
69,70,Helmut Degner,Helmut Degner,,13,,3.63,75
70,71,Jan Christ,Jane Christmas,,0,0,0.0,0
71,72,Franz Böni,Franz Böni,Literature & Fiction,9,,4.0,8
72,73,Jurek Becker,Jurek Becker,Literature & Fiction,34,21,3.78,2899
73,74,Peter Roos,Peter De Roo,,9,2,3.6,5
74,75,Martin Roda Becher,Martin Roda Becher,,8,1,5.0,1
75,76,Renate Rasp,Renate Rasp,,5,,3.91,11
76,77,Ingrid Puganigg,Ingrid Puganigg,,3,,2.67,3
77,78,Edwin Ortmann,Edwin Ortmann,,2,1,0.0,0
78,79,Sten Nadolny,Sten Nadolny,Literature & Fiction,17,32,3.88,3037
79,80,Klaus Merz,Klaus Merz,,25,3,3.23,124
80,81,Jürgen Lodemann,Jürgen Lodemann,,16,,3.77,13
81,82,Brigitte Kronauer,Brigitte Kronauer,Fiction,40,13,2.86,205
82,83,Bodo Kirchhoff,Bodo Kirchhoff,,39,18,3.47,841
83,84,Anna Jonas,Anna Jonas,Romance|Historical Fiction,5,1,4.08,78
84,85,Margarete Jehn,Margarete Jahn,,0,,0.0,0
85,86,Martin Grzimek,Martin Grzimek,,8,1,4.29,17
86,87,Henning Grunwald,Henning Grunwald,,3,,0.0,0
87,88,Anton Fuchs,Anton Fuchs,,28,,5.0,1
88,89,Waltraud Friz,Waltraud Friedrich,,0,,0.0,0
89,90,Roderich Feldes,Roderich Feldes,,3,,3.33,3
90,91,Hans Drawe,Hans Drawe,,2,,0.0,0
91,92,Margrit von Dach,Yla Margrit von Dach,,1,,0.0,0
92,93,Hans Christoph Buch,Hans Christoph Buch,Nonfiction|Literature & Fiction,45,2,3.6,73
93,94,Margrit Baur,Margrit Baur,,3,,5.0,1
94,95,Elisabeth Albertsen,Elisabeth Albertsen,,1,,3.0,1
95,96,Ursula Adam,John Joseph Adams,"",1,0,3.0,1
96,97,Maja Beutler,Maja Beutler,,4,,2.33,3
97,99,Elisabeth Meylan,Elisabeth Meylan,,5,,0.0,0
98,100,Thomas Hürlimann,Thomas Hürlimann,,29,5,3.41,279
99,101,Frank-Wolf Matthies,Frank-Wolf Matthies,,3,,0.0,0
100,103,Adelheid Duvanel,Adelheid Duvanel,,9,1,3.84,19
101,104,Klaus Hoffer,Klaus Hoffer,,15,1,3.29,28
102,105,Joseph Zoderer,Joseph Zoderer,,19,1,2.87,60
103,106,Gisela Zies,Gisela Riescher,,0,,0.0,0
104,107,Pierre Imhasly,Pierre Imhasly,,2,,0.0,0
105,108,Andreas Nohl,Andreas Nohl,,44,,3.79,211
106,109,Eva Demski,Eva Demski,Home & Garden|Travel|Short Stories,31,1,3.49,80
107,110,Christoph Burgauner,Christoph Burgauner,,1,,0.0,0
108,111,Margrit Schriber,Margrit Schriber,,13,,3.48,23
109,112,Dominik Brun,Brunner Dominik,,0,,0.0,0
110,113,Urs Jaeggi,Urs Jaeggi,,7,,3.0,3
111,114,Günter Hein,Heinz-Günter Vester,,0,,0.0,8
112,116,Elfriede Czurda,Elfriede Czurda,,7,,4.1,10
113,117,Ilma Rakusa,Ilma Rakusa,,47,11,3.62,420
114,118,Ulrich Schacht,Ulrich Schacht,,27,,2.85,20
115,119,Rolf Niederhauser,Rolf Niederhauser,,6,1,3.75,4
116,120,Michael Rößner,Michael Rössner,,19,,3.0,1
117,122,Pascal Morché,Pascal Morche,,2,,4.2,10
118,123,Guntram Vesper,Guntram Vesper,,7,2,3.63,19
119,124,Emil Zopfi,Zopfi Emil,,1,,3.33,3
120,125,Matthias Zschokke,Matthias Zschokke,,15,6,3.38,56
121,126,Michael Zeller,Guillaume Zeller,,19,5,3.75,4
122,128,Uwe Wolff,Uwe Wolff,,15,,3.13,8
123,129,Johanna Walser,Johanna Walser,Fiction,6,1,3.89,9
124,130,Walter Vogl,Stephan Günzel,,0,,0.0,0
125,131,Lothar Schöne,Lothar Schöne,,2,,4.0,2
126,132,Erasmus Schöfer,Erasmus Schöfer,,8,1,3.0,4
127,133,Einar Schleef,Einar Schleef,,22,1,3.75,20
128,134,Gerald Szyszkowitz,Gerald Szyszkowitz,,13,,3.8,5
129,135,Udo Rabsch,Udo Oskar Rabsch,,3,,3.0,1
130,136,Jochen Link,Jochen Link,,4,,2.0,1
131,137,Friedrich Wilhelm Korff,Friedrich Wilhelm Korff,,4,,3.22,9
132,138,Walter Klier,Walter Klier,,13,,3.67,6
133,141,Alfred Gulden,Alfred Gulden,,5,1,4.0,1
134,142,Robert Gratzer,Robert Glatzer,,0,,0.0,0
135,143,Wolfgang Georg Fischer,Wolfgang Georg Fischer,Art|Fiction,10,1,4.29,201
136,144,Ulla Berkéwicz,Ulla Berkéwicz,,9,"",3.35,23
137,145,Birgitta Arens,Birgitta Arens,,1,,2.67,3
138,146,Jürg Amann,Jürg Amann,,32,3,3.7,169
139,147,Eva Maria Alves,Vanessa Oliveira,,5,,0.0,0
140,148,Andrea Wolfmayr,Andrea Wolfmayr,,1,,0.0,0
141,149,Michael Schneider,Michael S. Schneider,,1,9,4.26,693
142,150,Friederike Roth,Friederike Roth,,9,,3.25,12
143,151,Uwe Herms,Uwe Herms,,3,1,0.0,0
144,152,Karin Reschke,Karin Reschke,,8,,3.33,3
145,153,Bettina Blumenberg,Bettina Blumenberg,,12,,3.69,26
146,154,Gudrun Brug,Dawn Baumann Brunke,"",3,,0.0,0
147,155,Jochen Missfeldt,Jochen Missfeldt,,9,2,3.86,21
148,156,Bodo Morshäuser,Bodo Morshäuser,,9,,3.6,10
149,157,Alban Nikolai Herbst,Alban Nikolai Herbst,Contemporary,11,5,4.0,19
150,158,Zsuzsanna Gahse,Zsuzsanna Gahse,,22,,3.72,29
151,159,Rainald Goetz,Rainald Goetz,,25,40,3.8,971
152,160,Wolfgang Held,Wolfgang Held,,41,,3.51,69
153,161,Gerhard Köpf,Gerhard Kopf,,8,,3.32,22
154,162,Roland Lang,Roland A. Lange,,5,,3.33,3
155,163,Romie Lie,Romie F Littrell,,0,,0.0,0
156,164,Lisa Witasek,Lisa Witasek,,6,,1.2,5
157,165,Birgit Pausch,Birgit Pausch,,2,,4.0,1
158,166,Hansjörg Schertenleib,Hansjörg Schertenleib,,25,3,3.37,290
159,167,Martin Mosebach,Martin Mosebach,Literature & Fiction|Religion & Spirituality,49,55,3.66,620
160,168,Wolfgang Linder,Kurt Tepperwein,,0,0,0.0,0
161,169,Libuše Moníková,Libuše Moníková,,12,3,3.96,77
162,170,Martin R. Dean,Mike Resnick,"",11,0,2.86,22
163,171,Frank Werner,Frank Werner,,21,,4.22,18
164,172,Erich Loest,Erich Loest,,35,1,3.4,92
165,173,Gabrielle Weigand,Gabriele Weigand,,11,,3.86,7
166,174,Peter Weibel,Peter  Weibel,,1,,4.17,23
167,175,Keto von Waberer,Keto von Waberer,,27,1,3.54,180
168,176,Ralf Thenior,Ralf Thenior,Young Adult|Children's,15,,2.96,23
169,177,Thomas Strittmatter,Thomas Strittmatter,,4,,2.77,13
170,178,Harald Strätz,Harald Strutz,,1,,0.0,0
171,179,Beat Sterchi,Beat Sterchi,,8,,3.85,65
172,180,Kristin T. Schnider,Kristin T. Schnider,,2,1,4.0,1
173,181,Eva Schmidt,Heike Eva Schmidt,,35,3,3.68,16
174,182,Evelyn Schlag,Evelyn Schlag,,11,1,3.46,24
176,184,Helen Meier,Helen Meier,,5,,4.0,5
177,185,Norbert Loacker,Norbert Loacker,,1,,3.5,2
178,186,Hans-Jürgen Kühn,D.K.,,1,,3.83,18
179,187,Jörg Krichbaum,Jorg Krichbaum,,3,,3.67,3
180,188,Marcel Konrad,Marcela Václavková Konrádová,,3,"",3.0,3
181,189,Michael Köhlmeier,Michael Köhlmeier,Fiction,78,62,3.78,3256
182,190,Wolfgang Hegewald,Wolfgang Hegewald,,5,,3.0,2
183,191,Josef Haslinger,Josef Haslinger,Fiction|Nonfiction,16,4,3.79,415
184,192,Jörg Fauser,Jörg Fauser,Fiction,34,17,3.91,745
185,194,Gerd-Peter Eigner,Gerd-Peter Eigner,,5,,4.5,2
186,195,Jochen Beyse,Jochen Beyse,,9,,2.5,2
187,196,Ginka Steinwachs,Ginka Steinwachs,,6,,4.5,6
188,197,Angelika Stark,Angelika Starkl,,0,0,0.0,0
189,198,Heinz Stalder,Heinz Stalder,,2,,3.5,2
190,199,Joachim Scholz,Joachim Scholz,,8,,3.0,1
191,200,Hartmut Riederer,Reinhard P. Gruber,,1,,0.0,0
192,203,Linda Pfeiffer,Ingrid Pfeiffer,,3,0,0.0,0
193,204,Waltraud Anna Mitgutsch,Waltraud Anna Mitgutsch,,1,,3.0,2
194,205,Hans Meyer-Hörstgen,Hans Meyer-Hörstgen,,1,,0.0,0
195,206,Birgit Kempker,Birgit Kempker,,9,,4.63,8
196,207,Margrit Irgang,Margrit Irgang,,9,1,4.2,15
197,208,Gert Heidenreich,Gert Heidenreich,Contemporary|Historical Fiction,68,1,4.11,377
198,209,Elfi Hartenstein,Elfi Hartenstein,Fiction|Nonfiction|Translation,11,,3.18,57
199,210,Peter Grosz,Stephen Colbert,"",7,1,3.91,3219
200,211,Günther Freitag,Günther Freitag,,1,,4.0,3
201,212,Dante Andrea Franzetti,Dante Andrea Franzetti,,6,,4.0,1
202,213,Lilian Faschinger,Lilian Faschinger,Fiction|Historical Fiction|Poetry,12,2,3.5,218
203,214,Josef Einwanger,Josef Einwanger,,1,,2.0,1
204,215,Fritz H. Dinkelmann,Fritz H. Dinkelmann,,2,,2.0,2
205,216,Assen Asenov,Assen Assenov,,2,1,4.0,1
206,217,Nora Schmitt,Schmitt Nora,,1,,0.0,0
207,218,Andreas Reiter,A'ndrea Reiter,,3,'9,2.6,5
208,220,Anita Pichler,Anita Pichler,Short Story,5,,4.0,3
209,221,Jost Nickel,Jost Nickel,,6,,3.0,3
210,222,Henrike Leonhardt,Henrike Leonhardt,,2,,0.0,0
211,223,Katja Lange-Müller,Katja Lange-Müller,,13,7,3.4,295
212,224,Friederike Kretzen,Friederike Kretzen,,4,,0.0,0
213,225,Bettina Klix,Bettina Klix,,2,,0.0,0
214,226,Wolfgang Hermann,Jack D. Zipes,"",16,1,3.32,38
215,227,Lukas Hammerstein,Lukas Hammerstein,,5,,1.6,5
216,228,Daniel Grolle,Daniel Grolle-Moscovici,,6,,0.0,0
217,229,Evelyn Grill,Evelyn Grill,Fiction,13,1,3.71,38
218,231,Gerhard Falkner,Gerhard Falkner,,26,,3.21,124
219,232,Daniela Castner,Daniela Castner,,1,,0.0,0
220,234,Thorsten Becker,Thorsten Becker,,17,,3.77,26
221,235,Joseph von Westphalen,Joseph von Westphalen,,32,1,3.57,93
222,236,Martin Stephan,Stephan Martin,,0,,0.0,0
223,237,Manfred Seiler,Heinz Lambertz,,0,,0.0,0
224,238,Maria Seidemann,Maria Seidemann,,25,,3.9,87
225,239,Uwe Saeger,Uwe Saeger,,10,,2.8,5
226,241,Manfred Maurer,Manfred Maurer,,5,,3.5,4
227,242,Irina Liebmann,Irina Liebmann,,11,1,3.74,31
228,244,Barbara Honigmann,Barbara Honigmann,Fiction,16,5,3.5,272
229,245,Paulus Hochgatterer,Paulus Hochgatterer,Literature & Fiction|Short Stories,13,6,3.14,676
230,246,Jutta Heinrich,Jutta Heinrich,,6,,2.6,5
231,247,Friedrich Hahn,Henry Hazlitt,"",9,0,0.0,0
232,248,Claudia Guderian,Claudia Guderian,,10,1,4.25,8
233,249,Werner Fritsch,Werner Fritsch,,10,,4.33,3
234,250,Claudia Erdheim,Claudia Erdheim,,8,,2.33,3
235,251,Urs Allemann,Urs Allemann,,4,12,3.67,242
236,253,Michael Wildenhain,Michael Wildenhain,,20,2,2.78,82
237,254,Hans-Eckardt Wenzel,Hans-Eckardt Wenzel,Music|Poetry,9,,4.3,10
238,255,Brigitte Struzyk,Brigitte Struzyk,,4,2,3.0,2
239,256,Flavio Steimann,Flavio Steimann,,1,,4.0,5
240,257,Elisabeth Reichart,Elisabeth Reichart,,14,,3.57,47
241,258,Angela Praesent,E.L. Doctorow,"",20,1,3.69,8
242,259,Andreas Neumeister,Andreas Neumeister,,10,,3.61,28
243,260,Klaus Modick,Klaus Modick,,62,14,3.72,621
244,261,Jochen Langer,Jochen Langer,,1,,0.0,0
245,262,Angela Krauß,Angela Krauß,,11,2,3.27,15
246,263,Christoph Keller,Christoph Keller,,62,1,3.86,111
247,265,Peter Haffner,Sebastian Haffner,"",9,1,3.65,17
248,266,Anselm Glück,Anselm Glück,,2,,0.0,0
249,267,Bernhard Gierds,Bernhard Giersche,,0,,0.0,0
250,268,Hartmut Geerken,Sun Ra,,46,0,4.2,40
251,269,Günter Franzen,Günter Franzen,,3,,3.0,1
252,270,Wolfgang de Bruyn,Ibon Zubiaur,,12,,0.0,0
253,271,Rudolf Brun,Rudolf B. Brun,,2,,5.0,1
254,272,Sylvia Brandis,Sylvia Brandis,,1,,0.0,0
255,273,Natascha Wodin,Natascha Wodin,,15,15,4.0,375
256,274,Bruno Steiger,Bruno Steiger,,2,,4.0,1
257,275,Split ,C.S. Splitter,"",0,0,0.0,0
258,276,Alois Schöpf,Alois Schöpf,,2,,0.0,0
259,277,Bernd Schirmer,Bernd Schirmer,,10,,3.75,12
260,278,Gernot Ragger,Gernot Ragger,,4,,3.0,1
261,279,Sabine Peters,"Anna Breitsameter, Sabine Glas-Peters and Angela Pude",,14,,3.22,9
262,280,Franz Meisl,Franz Moisl,,0,,0.0,0
263,281,Peter Kurzeck,Peter Kurzeck,,22,6,4.42,120
264,282,Angelika Klüssendorf,Angelika Klüssendorf,,8,3,3.66,495
265,284,Wolfgang Hilbig,Wolfgang Hilbig,Contemporary|Poetry,24,17,3.77,590
266,285,Thomas Hettche,Thomas Hettche,Literature & Fiction,20,2,3.33,594
267,286,Kerstin Hensel,Kerstin Hensel,,20,1,3.19,118
268,287,Eberhard Häfner,Eberhard Häfner,,2,,0.0,0
269,288,Norbert Gstrein,Norbert Gstrein,,20,4,3.05,328
270,289,Martin Ahrends,Martin Ahrends,,8,3,4.0,2
271,290,Birgit Vanderbeke,Birgit Vanderbeke,,23,27,3.53,2117
272,291,Stefan Tomas,Ion Baciu,,0,,0.0,0
273,292,Alain Claude Sulzer,Alain Claude Sulzer,Literature & Fiction|Short Stories|Gay & Lesbian,14,11,3.62,809
274,293,W. G. Sebald,W.G. Sebald,Biography|Memoir|Historical Fiction,42,1067,4.11,41179
275,294,Margit Schreiner,Margit Schreiner,,15,4,3.34,169
276,295,Susanne Röckel,Susanne Röckel,,25,3,3.71,227
277,296,Berndt Rieger,Berndt Rieger,,158,,3.38,74
278,297,Christa Moog,Christa Moog,,1,,0.0,0
279,298,Andreas Montag,Andreas Montag,,1,,0.0,0
280,299,Erich Möchel,Erich Möchel,,2,,4.5,2
281,300,Cornelia Manikowsky,Cornelia Manikowsky,,2,,0.0,0
282,301,Fritz-Jochen Kopka,Jutta Voigt,,1,,0.0,0
283,302,Reinhard Jirgl,Reinhard Jirgl,,14,5,3.64,89
284,303,Franz Hodjak,Franz Hodjak,,8,,3.63,16
285,304,Ingeborg Harms,Ingeborg Harms,,3,,1.0,1
286,305,Eleonore Frey,Eleonore Frey,,11,,4.17,6
287,306,Hubert Konrad Frank,Jürgen Ferdinand Riemann,,0,,0.0,0
288,308,Georg Bydlinski,Georg Bydlinski,,19,1,3.97,73
289,309,Christoph Buggert,Christoph Buggert,,4,,0.0,0
290,310,Pieke Biermann,Pieke Biermann,,34,,3.89,733
291,311,Peter Wawerzinek,Peter Wawerzinek,,15,4,3.37,101
292,312,Ludger Schwarte,Ludger Schwarte,,19,,3.33,6
293,313,SAID ,Edward W. Said,"",0,0,0.0,0
294,314,Theres Roth-Hunkeler,Theres Roth-Hunkeler,,1,,0.0,0
295,315,Matthias Politycki,Matthias Politycki,,29,6,3.54,339
296,316,Emine Sevgi Özdamar,Emine Sevgi Özdamar,,16,39,3.61,794
297,317,Wolfgang Mörth,Wolfgang Forth,,0,,0.0,0
298,318,Francesco Micieli,Francesco Micieli,,7,1,3.0,9
299,320,Ulrike Längle,Ulrike Längle,,4,,0.0,0
300,321,Sabine Küchler,Sabine Küchler,,1,,3.33,3
301,322,Judith Kuckart,Judith Kuckart,,18,2,2.96,116
302,323,Roland Koch,Roland E. Koch,Fiction|Nonfiction,15,1,3.47,15
303,324,Durs Grünbein,Durs Grünbein,Poetry|Philosophy,66,12,3.9,237
304,325,Walter Gnelli,walter anelli,,0,,0.0,0
305,326,Hella Eckert,Hella Eckert,Fiction,3,,3.2,5
306,327,Michael Eberth,Michael Eberth,,1,,4.0,1
307,328,Marcel Beyer,Marcel Beyer,,27,6,3.68,709
308,329,Gabrielle Alioth,Gabrielle Alioth,,20,1,3.41,37
309,330,Kurt Aebli,Kurt Aebli,,3,,0.0,0
310,331,Alissa Walser,Alissa Walser,Fiction,25,2,3.45,353
311,332,Burkhard Spinnen,Burkhard Spinnen,,25,2,3.7,231
312,333,Sabine Scholl,Sabine Scholl,,14,,4.0,17
313,334,Ulrich Peltzer,Ulrich Peltzer,,11,3,3.13,136
314,335,Roger Lille,Marcel Felder,,0,,0.0,0
315,336,Fritz Krenn,Fritz Koenn,,0,,0.0,0
316,337,Jan Koneffke,Jan Koneffke,,16,1,4.02,110
317,338,Christoph Janacs,Christoph Janacs,,5,,3.0,4
318,339,Alois Hotschnig,Alois Hotschnig,,10,7,3.39,319
319,340,Ulrich Holbein,Ulrich Holbein,,21,1,3.3,10
321,341,Christa Hein,"Autori Vari: Bohumil Hrabal,  Péter Esterházy,  Kazimierz Brandys,  Christoph Hein, Christa Wolf",,8,0,2.5,8
322,342,Lioba Happel,Lioba Happel,,3,,3.6,5
323,343,Manfred Flügge,Manfred Flügge,,18,1,3.44,39
324,344,Bianca Döring,Bianca Döring,,5,,2.5,2
325,345,Norbert Bleisch,Norbert Bleisch,,2,,3.0,1
326,346,Friedrich Ani,Friedrich Ani,Crime|Thriller,80,19,3.27,1288
327,347,Christina Viragh,Christina Viragh,,22,,3.89,563
328,348,Hans-Ulrich Treichel,Hans-Ulrich Treichel,,30,10,3.33,730
329,349,Wilfried Steiner,Wilfried Steiner,,8,,3.52,21
330,350,Benjamin Stein,Benjamin Stein,,16,4,3.78,310
331,351,Dirk von Petersdorff,Dirk von Petersdorff,,14,,3.58,12
332,352,Thomas Lehr,Thomas Lehr,Literature & Fiction,11,4,3.34,230
333,353,Ludwig Laher,Ludwig Laher,,13,1,3.65,48
334,354,Helmut Krausser,Helmut Krausser,Literature & Fiction|Poetry,63,32,3.72,1137
335,355,Gabriele Kögl,Gabriele Kögl,,5,,3.13,8
336,356,Michael Kleeberg,Michael Kleeberg,,29,2,3.55,265
337,357,Sandra Kellein,Sandra Kellein,,1,,0.0,0
338,358,Reinhard Kaiser,Reinhard Kaiser-Mühlecker,Literature & Fiction,9,4,3.43,95
339,359,Rudolf Habringer,Rudolf Habringer,,7,,2.5,2
340,360,Christina Günther,Christina Günther,,1,,0.0,0
341,361,Sabine Gruber,Sabine Gruber,,24,2,3.26,112
342,362,Susanne Geiger,Susanne Geiger,,5,,4.83,6
343,363,Kurt Drawert,Kurt Drawert,,21,,3.0,10
344,364,Jan Peter Bremer,Jan Peter Bremer,,8,1,2.9,81
345,365,Dirk Brauns,Dirk Brauns,,5,,3.0,32
346,366,Matthias Altenburg,Matthias Altenburg,Literature & Fiction|Mystery & Thrillers,6,1,3.9,20
347,368,Bernd Wagner,Bernd Wagner,,40,,3.42,24
348,369,Andrea Simmen,Paul Morabito,"",3,0,0.0,0
349,370,Ruth Schweikert,Ruth Schweikert,,9,,3.55,62
350,371,Frank Schulz,Frank Schulz,,21,3,3.84,250
351,372,Raoul Schrott,Raoul Schrott,,39,8,3.67,215
352,373,Kathrin Röggla,Kathrin Röggla,Literature & Fiction,20,4,2.97,207
353,374,Georg Ringsgwandl,Georg Ringsgwandl,,2,,3.0,12
354,375,Katharina Riese,Meike Lauggas,,1,1,5.0,1
355,376,Urs Richle,Urs Richle,,24,,3.47,19
356,377,Doron Rabinovici,Doron Rabinovici,Fiction|Nonfiction|History,19,11,3.62,225
357,378,Heidi von Plato,Heidi von Plato,,1,1,4.0,1
358,379,Sibylle Mulot,Sibylle Mulot,,18,,3.56,1121
359,380,Stefanie Menzinger,Stefanie Menzinger,,2,,0.0,0
360,381,Dagmar Leupold,Dagmar Leupold,Contemporary,15,1,3.2,89
361,383,Bernd Cailloux,Bernd Cailloux,,8,2,3.62,34
362,385,Monika Wogrolly,Monika Wogrolly,,3,,2.0,4
363,386,Wolfgang Wenger,Wolfgang Wenger,,3,,3.0,1
364,387,Ilija Trojanow,Ilija Trojanow,Literature & Fiction|Travel|Science Fiction,56,76,3.54,2480
365,388,Marion Titze,Marion Titze,,1,,0.0,0
366,389,Ingo Schulze,Ingo Schulze,,43,25,3.31,1512
367,390,Georg Pichler,Ilsa Barea-Kulcsar,,11,,3.37,75
368,391,Georg Martin Oswald,Françoise Choay,"",12,2,3.22,102
369,392,Petra Morsbach,Petra Morsbach,,15,2,3.71,162
370,393,Perikles Monioudis,Perikles Monioudis,,12,2,3.8,30
371,394,Mariella Mehr,Mariella Mehr,,11,3,3.31,35
372,395,Ulrike Kolb,Ulrike Kolb,,10,,3.0,26
373,396,Radek Knapp,Radek Knapp,,13,4,3.49,436
374,397,Volker Kaminski,Volker Kaminski,,4,,0.0,0
375,398,Joachim Helfer,Joachim Helfer,,6,2,3.13,31
376,399,Klaus Händl,Klaus Händl,,4,,3.0,1
377,400,Franzobel ,Franzobel,,37,11,3.83,525
378,401,Gundi Feyrer,Gundi Feyrer,,3,,0.0,0
379,402,Enrico Danieli,Enrico Danieli,,5,,0.0,0
380,405,Sissi Tax,Sissi Tax,,4,,4.33,3
381,406,Yoko Tawada,Yōko Tawada,Fiction,81,306,3.56,8560
382,407,Ingo Schramm,Ingo Plag,,2,0,0.0,0
383,408,Sonja Ruf,Sonja Ruf,,2,,3.0,3
384,409,Sonja Röder,Lucy Jane Bledsoe,"",0,,0.0,0
385,410,Richard Obermayr,Richard Obermayr,,2,,4.29,7
386,412,Lydia Mischkulnig,Lydia Mischkulnig,,11,2,3.74,117
387,413,Herbert Maurer,Herbert Maurer,,8,,0.0,0
388,414,Andreas Mand,Andreas Mand,,10,1,3.33,12
389,415,Johannes Jansen,Johannes Jansen,,16,1,3.79,24
390,416,Felicitas Hoppe,Felicitas Hoppe,,29,11,3.14,362
391,417,Peter Henning,Peter Henning,,18,,3.1,78
392,418,Heiko Michael Hartmann,Heiko Michael Hartmann,,2,2,2.5,6
393,419,Arno Geiger,Arno Geiger,,17,61,3.83,3233
394,420,Adelheid Dahimène,Adelheid Dahimène,,4,1,3.71,7
395,421,Jürg Beeler,Jürg Beeler,,6,,2.0,2
396,422,Ulrich Zieger,Ulrich Zieger,,7,,3.53,15
397,423,Thorsten Tornow,Thorsten Tornow,,2,,3.0,1
398,425,Wolfgang Schlüter,Wolfgang Schlüter,,19,1,3.81,16
399,426,Norbert Niemann,Norbert Niemann,,7,1,2.89,27
400,427,Thomas Meinecke,Thomas Meinecke,Literature & Fiction|Women & Gender Studies,26,11,3.43,267
401,428,Gila Lustiger,Gila Lustiger,,11,3,3.63,134
402,429,Tim Krohn,Tim Krohn,,21,6,3.79,351
403,430,Steffen Kopetzky,Steffen Kopetzky,,11,3,3.96,233
404,431,Zoë Jenny,Zoë Jenny,Literature & Fiction,19,4,2.85,639
405,432,Bettina Galvagni,Bettina Galvagni,,4,,4.0,8
406,433,Leopold Federmair,Michel Houellebecq,"",13,0,3.54,480
407,434,Gion Mathias Cavelty,Gion Mathias Cavelty,,8,,3.12,51
408,435,Marcus Braun,Marcus Braun,,8,4,3.65,17
409,436,Jan Lurvink,Jan Lurvink,,2,,4.0,1
410,437,Christian Futscher,Christian Futscher,,2,,4.0,1
411,438,Christian Paul Berger,Christian-Paul Berger,,1,,0.0,0
412,439,Inka Bach,Inka Mülder-Bach,,6,,3.5,8
413,440,Olivia Kleinknecht,Olivia Kleinknecht,Contemporary|Crime|Ebooks,9,,3.0,9
414,441,Sibylle Lewitscharoff,Sibylle Lewitscharoff,Nonfiction,23,10,3.25,446
415,442,Kathrin Schmidt,Kathrin Schmidt,,18,4,3.15,203
416,443,Kurt Bracharz,Kurt Bracharz,,18,1,3.5,38
417,444,Leander Scholz,Leander Scholz,,14,,3.89,9
418,445,Tim Staffel,Tim Staffel,,6,,3.32,34
419,446,John von Düffel,John von Düffel,,29,5,3.58,368
420,447,Silvia Szymanski,Silvia Szymanski,,5,,2.67,9
421,448,Ralf Bönt,Ralf Bönt,,6,2,2.91,44
422,449,Sibylle Severus,Sibylle Severus,,1,,0.0,0
423,450,Michael Lentz,Michael Lentz,,22,,3.57,58
424,451,Christian Mähr,Christian Mähr,,18,2,3.28,79
425,452,Aglaja Veteranyi,Aglaja Veteranyi,Literature & Fiction|Short Stories|Biographies & Memoirs,11,43,4.01,2060
426,453,Stefan Beuse,Stefan Beuse,,15,1,3.92,151
427,454,Peter Stamm,Peter Stamm,Literature & Fiction|Professional & Technical,39,239,3.41,8725
428,455,Thor Kunkel,Thor Kunkel,Fiction,15,1,3.62,86
429,456,Ursula Fricker,Ursula Fricker,,6,,2.83,12
430,457,Ruth Erat,Ruth Erat,,1,,0.0,0
431,458,Terézia Mora,Terézia Mora,,23,19,3.72,690
432,459,Thomas Jonigk,Thomas Jonigk,,5,,3.07,14
433,460,Monika Helfer,Monika Helfer,,20,3,3.73,245
434,461,Vladimir Vertlib,Vladimir Vertlib,,12,2,3.64,140
435,462,Gudrun Seidenauer,Gudrun Seidenauer,,4,12,3.85,13
436,463,Christian Uetz,Christian Uetz,,7,,3.0,2
437,464,Patricia Görg,Patricia Görg,,6,,5.0,1
438,465,Thomas Kapielski,Thomas Kapielski,,22,1,4.06,100
439,466,Katharina Hacker,Katharina Hacker,,15,4,2.82,308
440,467,Ulrike Draesner,Ulrike Draesner,,40,3,3.5,145
441,469,Stephan Reimertz,Stephan Reimertz,,13,,3.6,25
442,470,Susanne Riedel,Susanne Riedel,,6,,3.5,6
443,472,Andreas Maier,Andrea Mays,,30,7,3.57,497
444,473,Martin Amanshauser,Martin Amanshauser,,12,1,3.21,34
445,474,Georg Klein,Georg Klein,,26,8,3.69,274
446,475,Stephan Alfare,Stephan Alfare,,2,1,0.0,0
447,476,Birgit Müller-Wieland,Birgit Müller-Wieland,,3,1,2.94,16
448,477,Malin Schwerdtfeger,Malin Schwerdtfeger,,8,1,4.1,125
449,478,Julia Franck,Julia Franck,Literature & Fiction,13,33,3.37,2243
450,479,Daniel Goetsch,Daniel Goetsch,,4,1,3.0,5
451,480,David Wagner,Doug Moench,"",701,8,3.66,75
452,481,Rainer Merkel,Rainer Merkel,,9,1,3.02,62
453,482,Philipp Tingler,Philipp Tingler,Philosophy,15,3,3.14,94
454,483,Artur Becker,Artur Becker,,15,,3.0,30
455,484,Katrin Askan,Katrin Askan,,7,,2.67,9
456,485,Ulrich Schlotmann,Ulrich Schlotmann,,2,,0.0,0
457,486,Jenny Erpenbeck,Jenny Erpenbeck,Literature & Fiction|Historical Fiction|Short Stories,23,363,3.87,11424
458,487,Robert Fischer,Dōgen,"",0,0,0.0,0
459,488,Tanja Langer,Tanja Langer,,12,1,3.64,42
460,489,Annegret Held,Annegret Held,,8,3,3.4,30
461,490,Brigitte Schär,Brigitte Schär,,11,,3.63,24
462,491,Ute-Christine Krupp,Ute-Christine Krupp,,2,,2.0,1
463,492,Norbert Müller,Norbert Müller,,34,,3.43,7
464,493,Antje Rávic Strubel,Antje Rávic Strubel,Contemporary|Fiction,29,6,3.62,608
465,494,Heiner Link,Heiner Link,,4,,2.7,10
466,495,Raphael Urweider,Raphael Urweider,,8,1,3.88,34
467,496,Melanie Arns,Melanie Arns,,3,,2.33,3
468,497,Helga Glantschnig,Helga Glantschnig,,4,,3.0,1
469,498,Elfriede Kern,Elfriede Kern,,1,,4.5,2
470,499,Annette Pehnt,Annette Pehnt,,29,2,3.34,290
471,500,Norbert Zähringer,Norbert Zähringer,,5,,3.7,54
472,501,Roger Monnerat,Roger Monnerat,,10,,0.0,0
473,502,Daniel Zahno,Daniel Zahno,,7,2,3.69,61
474,503,Christoph W. Bauer,Christoph W. Bauer,,18,,3.93,14
475,504,Peter Glaser,Susan R. Glaser,,11,,3.67,21
476,505,Mirko Bonné,Mirko Bonné,Historical Fiction,23,6,3.57,243
477,506,Lukas Bärfuss,Lukas Bärfuss,,26,37,3.54,1191
478,507,Heinz D. Heisl,Heinz D. Heisl,,1,,0.0,0
479,508,Markus Ramseier,Markus Ramseier,,13,,2.75,4
480,509,Nina Jäckle,Nina Jäckle,,8,,3.48,29
481,510,Jörg Matheis,Jörg Matheis,,2,,1.67,3
482,511,Oswald Egger,Oswald Egger,,11,,3.53,15
483,512,Inka Parei,Inka Parei,,3,2,3.06,120
484,513,Christof Hamann,Christof Hamann,,11,,2.71,14
485,514,Olga Flor,Olga Flor,,6,,2.93,29
486,515,Gregor Hens,Gregor Hens,,25,7,3.62,555
487,516,Kristof Schreuf,Peter Feierabend,,1,0,0.0,0
488,517,Michael Stauffer,Mina Carter,"",12,0,3.76,144
489,518,Feridun Zaimoglu,Feridun Zaimoglu,Literature & Fiction|Poetry,31,27,3.18,549
490,519,Sünje Lewejohann,Katharina Adler,,0,0,0.0,0
491,520,Ulla Lenze,Ulla Lenze,,7,2,3.7,89
492,521,Henning Ahrens,Leigh Bardugo,"",97,3,4.03,5926
493,522,Susanne Fischer,Susanne Fischer-Rizzi,,15,4,4.17,144
494,523,Katrin de Vries,Katrin de Vries,Literature & Fiction|Comics & Graphic Novels,6,,4.12,41
495,524,Christine Rinderknecht,Christine Rinderknecht,,2,,4.0,3
496,525,Christina Griebel,Christina Griebel,,4,,2.0,5
497,526,Farhad Showghi,Farhad Showghi,,2,,3.67,3
498,527,Bettina Balàka,Bettina Balàka,,12,5,3.73,121
499,528,Guy Helminger,Guy Helminger,,11,8,3.15,60
500,529,Roswitha Haring,Roswitha Haring,,3,6,2.71,7
501,530,Arne Roß,Ross H. Arnett Jr.,,0,0,0.0,0
502,531,Melinda Nadj Abonji,Melinda Nadj Abonji,,4,13,3.65,626
503,532,Uwe Tellkamp,Uwe Tellkamp,,13,14,3.54,850
504,533,Andreas Münzner,Andreas Münzner,,5,,3.9,10
505,534,Richard David Precht,Richard David Precht,Fiction|Nonfiction|Philosophy,25,242,3.85,5784
506,535,Thomas Raab,Thomas Raab,Mystery & Thrillers,22,14,3.65,985
507,536,Rolf Schönlau,Rolf Schönlau,,5,2,2.75,4
508,537,Sandra Hoffmann,Sandra Kasturi,,12,1,3.34,29
509,538,Simona Sabato,"Antonin Artaud, Jörg Graser, Kai Hensel, Fritz Kater, Simona Sabato, Peter Turrini",,3,0,3.75,4
510,539,Dorothea Dieckmann,Dorothea Dieckmann,,8,,2.92,50
511,540,Juli Zeh,Juli Zeh,,35,471,3.76,17507
512,541,Wolfgang Herrndorf,Wolfgang Herrndorf,,18,160,3.85,19276
513,542,Anna Katharina Hahn,Anna Katharina Hahn,,9,4,3.49,231
514,543,Eva von Schirach,Jörg Sundermeier,,0,,0.0,0
515,544,Sabine Schiffner,Sabine Schiffner,,3,,2.75,4
516,545,Thomas Lang,Lewis Carroll,Ebooks,95,2,3.33,75
517,546,Klaus Böldl,Klaus Böldl,,22,,3.5,48
518,547,Anna Kim,Stacey Hatton,"Fiction, Essay",25,7,3.38,209
519,548,Anne Weber,Alain LeRoy Locke,,42,0,3.24,134
520,549,Barbara Bongartz,Barbara Bongartz,,7,2,2.62,21
521,550,Gerhild Steinbuch,Mirjam Aggeler,,0,,0.0,0
522,551,Martina Hefter,Martina Hefter,,5,4,3.67,3
523,552,Christoph Simon,Christoph Simon,,21,1,3.64,162
524,553,Natalie Balkow,Jörn Morisse,,1,,3.5,6
525,554,Helmut Kuhn,Helmut Kuhn,,21,1,3.74,69
526,555,Kristof Magnusson,Kristof Magnusson,,24,7,3.63,728
527,556,Saša Stanišić,Saša Stanišić,Humor and Comedy|Paranormal|Fiction,7,606,4.02,5427
528,557,Susanne Heinrich,Susanne Heinrich,,9,1,3.35,17
529,558,Julia Schoch,Julia Schoch,,18,1,3.57,214
530,559,Nikolai Vogel,Marvin Kaye,"",5,0,4.0,1
531,561,Kai Weyand,Kai Weyand,,6,,3.42,67
532,562,Kathrin Passig,Kathrin Passig,Nonfiction,40,,3.79,829
533,563,Katja Huber,Katja Huber,,6,,4.2,25
534,564,Norbert Scheuer,Norbert Scheuer,,9,2,3.73,313
535,565,Hanno Millesi,Hanno Millesi,,9,,3.06,16
536,566,Annette Mingels,Annette Mingels,,10,1,3.46,39
537,567,Paul Brodowsky,Paul Brodowsky,,6,,3.41,22
538,568,Thomas Melle,Thomas Melle,,14,14,3.8,761
539,569,Claudia Klischat,Claudia Klischat,,1,1,1.0,1
540,570,Andreas Merkel,Andreas Merkel,,2,,2.25,4
541,571,Kevin Vennemann,Kevin Vennemann,,11,,3.79,450
542,572,Angelika Overath,Angelika Overath,Contemporary,19,3,3.38,120
543,573,Clemens Meyer,Clemens Meyer,Literature & Fiction|Short Stories|Contemporary,12,41,3.72,1184
544,574,Silvio Huonder,Silvio Huonder,,7,,3.31,35
545,575,Bodo Hell,Bodo Hell,,5,,3.0,2
546,576,Sigrid Behrens,Sigrid Behrens,,6,,3.5,12
547,577,Martin Becker,Margot Becker R.,,1,2,3.61,83
548,578,Thomas Stangl,Thomas Stangl,,12,1,3.32,34
549,579,Björn Kern,Björn Kern,,10,1,3.4,75
550,580,Jan Böttcher,Jan Böttcher,,8,2,3.2,80
551,581,PeterLicht ,PeterLicht,,3,1,3.87,52
552,582,Kurt Oesterle,Kurt Oesterle,,9,,3.41,17
553,583,Milena Oda,Milena Oda,,3,1,5.0,1
554,584,Michael Stavaric,Michael Stavaric,,23,5,3.55,145
555,585,Dieter Zwicky,Dieter Zwicky,,1,,1.0,1
556,586,Ronald Reng,Ronald Reng,Biography|Sports|Memoir,17,30,4.38,3398
557,587,Silke Scheuermann,Silke Scheuermann,,17,2,3.21,261
558,588,Lutz Seiler,Lutz Seiler,Poetry|Contemporary|Fiction,19,17,3.35,675
559,589,Fridolin Schley,Fridolin Schley,,6,,3.38,13
560,590,Jörg Albrecht,Jörg Albrecht,,18,1,3.18,51
561,591,Andrea Grill,Andrea Grill,,10,1,3.44,62
562,592,Jochen Schmidt,Jochen Schmidt,Contemporary,88,6,3.7,347
563,593,Christian Bernhardt,Doris Christian-Bernhardt,,1,,5.0,1
564,594,Jagoda Marinić,Jagoda Marinić,,10,1,3.07,97
565,595,Anette Selg,Denis Diderot,"",1,0,4.0,1
566,596,Tilman Rammstedt,Tilman Rammstedt,,9,8,3.42,484
567,597,Ulf Erdmann Ziegler,Ulf Erdmann Ziegler,,16,,3.62,78
568,598,Pedro Lenz,Pedro Lenz,Fiction,24,13,3.88,382
569,599,Dagrun Hintze,Dagrun Hintze,,2,,3.0,3
570,600,Sudabeh Mohafez,Sudabeh Mohafez,Contemporary,10,1,3.83,64
571,601,Heike Geißler,Heike Geissler,,4,10,3.78,369
572,602,Markus Orths,Markus Orths,Literature & Fiction|Historical Fiction,26,6,3.42,821
573,603,Patrick Findeis,Patrick Findeis,,5,1,2.75,4
574,604,Martin von Arndt,Michelle Tea,"",8,2,3.79,33
575,605,Angelika Reitzer,Angelika Reitzer,,7,1,3.33,15
576,606,Clemens J. Setz,Clemens J. Setz,Fiction,24,52,3.6,926
577,607,Alina Bronsky,Alina Bronsky,Literature & Fiction,15,147,3.71,6377
578,608,Thorsten Palzhoff,Thorsten Palzhoff,,2,,4.0,1
579,610,Katharina Born,Katharina Born,,3,,3.47,15
580,611,Andrea Winkler,Rainer Maria Rilke,"",8,0,3.0,9
581,612,Gregor Sander,Gregor Sander,,8,1,3.56,98
582,613,Andreas Schäfer,Andreas Schäfer,,20,1,3.4,50
583,614,Jens Petersen,Jens H. Petersen,,10,1,4.43,70
584,615,Karl-Gustav Ruch,Karl-Gustav Ruch,,1,,0.0,0
585,616,Linda Stift,Linda Stift,,6,1,3.49,134
586,617,Christiane Neudecker,Christiane Neudecker,,9,1,3.9,90
587,618,Bruno Preisendörfer,Bruno Preisendörfer,,10,3,3.53,124
588,619,Karsten Krampitz,Karsten Krampitz,,14,1,3.0,17
589,620,Philipp Weiss,Philipp Weiss,,7,5,4.46,50
590,621,Lorenz Langenegger,Lorenz Langenegger,,5,1,3.15,13
591,622,Verena Rossbacher,Verena Roßbacher,,4,2,3.62,53
592,623,Christian Fries,Christian Fries,,4,,3.6,5
593,624,Iris Schmidt,Iris Schmidt,,7,,3.0,2
594,625,Josef Kleindienst,Josef Kleindienst,,4,5,0.0,0
595,626,Judith Zander,Judith Zander,Poetry,7,2,3.65,75
596,627,Aleks Scholz,Kathrin Passig & Aleks Scholz,,13,1,3.81,206
597,628,Max Scharnigg,Max Scharnigg,,14,3,3.79,136
598,629,Thomas Ballhausen,Thomas Ballhausen,,28,,3.7,54
599,630,Dorothee Elmiger,Dorothee Elmiger,Fiction,4,10,3.24,171
600,631,Daniel Mezger,Daniel Mezger,,4,,3.44,9
601,632,Christopher Kloeble,Christopher Kloeble,,8,5,3.61,238
602,633,Volker H. Altwasser,Volker H. Altwasser,,3,,1.5,2
603,634,Sabrina Janesch,Sabrina Janesch,,4,9,3.82,256
604,635,Thomas Klupp,Thomas Klupp,Fiction,6,2,3.24,182
605,636,Michel Božiković,Michel Bozikovic,,2,13,3.0,6
606,637,Anne Richter,Ann VanderMeer,"",23,5,4.07,747
607,638,Leif Randt,Leif Randt,,7,27,3.62,915
608,639,Steffen Popp,Steffen Popp,,10,,3.44,32
609,640,Nina Bußmann,Nina Bußmann,,4,,2.91,23
610,641,Julya Rabinowich,Julya Rabinowich,,11,4,3.39,291
611,642,Maja Haderlap,Maja Haderlap,Biographies & Memoirs|Poetry|Fiction,3,17,3.83,545
612,643,Linus Reichlin,Linus Reichlin,,12,,3.41,212
613,644,Antonia Baum,Antonia Baum,,5,1,3.44,168
614,646,Daniel Wisser,Daniel Wisser,,7,4,4.13,104
615,647,Maximilian Steinbeis,Per Leo,"",9,0,3.07,55
616,648,Gunther Geltinger,Gunther Geltinger,,5,2,3.51,65
617,649,Isabella Feimer,Isabella Feimer,,6,1,3.0,8
618,650,Matthias Senkel,Matthias Senkel,,3,4,3.1,51
619,651,Matthias Nawrat,Matthias Nawrat,,7,5,3.42,114
620,652,Simon Froehling,Simon Froehling,,2,2,3.63,8
621,653,Lisa Kränzler,Lisa Kränzler,,7,4,3.54,104
622,654,Olga Martynova,Olga Martynova,,14,1,3.59,74
623,655,Cornelia Travnicek,Cornelia Travnicek,Literature & Fiction|Poetry,12,13,3.48,255
624,656,Inger-Maria Mahlke,Inger-Maria Mahlke,,6,5,3.17,260
625,657,Sabine Hassinger,Annette Kuhn,,35,6,3.85,269
626,658,Andreas Stichmann,Andreas Stichmann,,4,1,3.28,68
627,659,Mirjam Richner,Mirjam Richner,,2,,0.0,0
628,660,Hugo Ramnek,Hugo Ramnek,,1,,3.67,3
629,661,Stefan Moster,Stefan Moster,,69,,3.39,464
630,662,Nikola Anne Mehlhorn,Nikola Anne Mehlhorn,,3,,4.2,5
631,663,Benjamin Maack,Benjamin Maack,Humor and Comedy|Contemporary,5,2,3.91,117
632,664,Roman Ehrlich,Roman Ehrlich,Fiction,5,2,3.4,83
633,665,Hannah Dübgen,Hannah Dübgen,,2,,3.4,63
634,666,Katja Petrowskaja,Katja Petrowskaja,,6,44,3.81,931
635,667,Philipp Schönthaler,Philipp Schonthaler,,3,,3.67,6
636,668,Heinz Helle,Heinz Helle,,4,10,3.42,403
637,669,Cordula Simon,Cordula Simon,,6,1,3.12,17
638,670,Zé do Rock,Zé do Rock,,9,1,3.52,29
639,671,Anousch Mueller,Anousch Mueller,,2,,3.83,18
640,672,Verena Güntner,Verena Güntner,,2,,3.13,105
641,673,Nadine Kegele,Nadine Kegele,,6,3,4.19,26
642,674,Joachim Meyerhoff,Joachim Meyerhoff,,5,124,4.06,5745
643,675,Larissa Boehning,Larissa Boehning,Literature & Fiction,7,1,3.33,39
644,676,Georg Petz,Georg Petz,,2,,0.0,0
645,677,Tex Rubinowitz,Tex Rubinowitz,,24,6,4.32,1885
646,678,Katharina Gericke,Katarina Gericke,,1,,4.0,1
647,679,Romana Ganzoni,Romana Ganzoni,,3,,3.0,7
648,680,Michael Fehr,Michael Fehr,,15,1,3.93,86
649,681,Senthuran Varatharajah,Senthuran Varatharajah,,3,8,3.81,64
650,682,Birgit Pölzl,Birgit Pollmann,,1,,0.0,0
651,684,Gertraud Klemm,Gertraud Klemm,Fiction,5,7,3.78,180
652,685,Tobias Sommer,Tobias Sommer,,5,2,3.25,4
653,686,Kerstin Preiwuß,Kerstin Preiwuß,,7,3,3.52,44
654,687,Roman Marchel,Roman Marchel,,1,,3.67,9
655,688,Dana Grigorcea,Dana Grigorcea,,3,4,3.23,95
656,689,Teresa Präauer,Teresa Präauer,,6,2,3.33,198
657,690,Anna Baar,Anna Baar,,2,,4.0,10
658,691,Jürg Halter,Jürg Halter,Poetry,9,1,3.26,31
659,692,Ronja von Rönne,Ronja von Rönne,,2,21,3.15,526
660,693,Monique Schwitter,Monique Schwitter,,7,4,3.17,185
661,694,FALKNER ,Tammy Falkner,"",1,0,3.0,1
662,695,Peter Truschner,Peter Truschner,,6,,2.62,13
663,696,Valerie Fritsch,Valerie Fritsch,,7,4,3.54,213
664,697,Sven Recker,Sven Recker,,3,,3.5,2
665,698,Saskia Hennig von Lange,Saskia Hennig von Lange,,4,2,3.58,36
666,699,Nora Gomringer,Nora Gomringer,Poetry,26,6,3.83,144
667,700,Katerina Poladjan,Katerina Poladjan,,5,1,3.74,124
668,701,Astrid Sozio,Astrid Sozio,,1,,3.0,4
669,702,Sharon Dodua Otoo,Sharon Dodua Otoo,Fiction,9,13,4.47,771
670,703,Ada Dorian,Ada Dorian,,5,,3.63,149
671,704,Sylvie Schenk,Sylvie Schenk,,14,1,3.61,218
672,705,Tomer Gardi,Tomer Gardi,,4,1,3.67,24
673,706,Isabelle Lehn,Isabelle Lehn,,3,1,3.92,59
674,707,Jan Snela,Jan Snela,,1,,4.33,6
675,708,Julia Wolf,Julia  Wolf,"",15,16,3.43,72
676,709,Selim Özdoğan,Selim Özdogan,,34,19,3.88,518
677,710,Bastian Schneider,James Tiptree Jr.,"",0,0,0.0,0
678,711,Marko Dinić,Marko Dinić,,1,,3.69,49
679,712,Sascha Macht,Sascha Macht,,3,1,3.06,18
680,713,Stefanie Sargnagel,Stefanie Sargnagel,,6,24,4.07,331
681,714,Urs Mannhart,Urs Mannhart,,2,1,3.93,14
682,715,Maxi Obexer,Maxi Obexer,,3,,3.25,12
683,716,Gianna Molinari,Gianna Molinari,,1,5,3.47,163
684,717,Eckhart Nickel,Eckhart Nickel,,13,3,3.36,472
685,718,Jörg-Uwe Albig,Jörg-Uwe Albig,,13,2,3.47,45
686,719,Jackie Thomae,Jackie Thomae,,3,4,3.85,247
687,720,Verena Dürr,Verena Duregger,,2,,4.67,6
688,721,Barbi Marković,Barbi Marković,,3,,3.56,78
689,722,Ferdinand Schmalz,Ferdinand Schmalz,,3,3,3.67,6
690,723,Noemi Schneider,Noemi Schneider,,4,1,3.12,25
691,724,John Wray,John Wray,Literature & Fiction,22,118,3.25,5228
692,726,Karin Peschka,Karin Peschka,,7,1,4.2,10
693,727,Lennardt Loß,Lennardt Loß,,2,2,3.79,48
694,728,Özlem Özgül Dündar,Özlem Özgül Dündar,,6,,3.94,33
695,729,Stephan Groetzner,Stephan Groetzner,,2,,3.0,3
696,730,Jakob Nolte,Jakob Nolte,,6,6,3.7,90
697,731,Anselm Neft,Anselm Neft,,12,3,4.0,41
698,732,Bov Bjerg,Bov Bjerg,,10,26,3.66,1890
699,733,Tanja Maljartschuk,Tanja Maljartschuk,,7,1,3.78,37
700,734,Ally Klein,Ally Klein,,2,,2.63,8
701,735,Corinna T. Sievers,Corinna T. Sievers,,5,2,3.0,22
702,736,Joshua Groß,Joshua Groß,Fiction,13,3,3.85,46
703,737,Anna Stern,Anna Stern,,6,2,3.78,9
704,738,Stephan Lohse,Stephan Lohse,,2,2,3.62,39
705,739,Martina Clavadetscher,Martina Clavadetscher,,2,2,4.43,14
706,740,Raphaela Edelbauer,Raphaela Edelbauer,,4,4,3.71,212
707,741,Martin Beyer,Martin Beyer,Literature & Fiction,8,1,3.77,31
708,742,Lukas Meschik,Lukas Meschik,,3,,4.33,3
709,743,Leander Fischer,Leander Fisher,,2,,0.0,0
710,745,Tom Kummer,Tom Kummer,,9,6,3.78,65
711,746,Daniel Heitzler,Daniel Hertzler,,6,,3.0,4
712,747,Birgit Birnbacher,Birgit Birnbacher,,4,1,3.81,32
713,748,Ronya Othmann,Ronya Othmann,,4,,4.1,30
714,749,Yannic Han Biao Federer,Yannic Han Biao Federer,,1,,3.33,18
715,750,Andrea Gerster,Andrea Gerster,,6,,3.0,5
716,751,Julia Jost,Jost W. Kramer,,0,,0.0,0
717,752,Silvia Tschui,Silvia Tschui,,1,,4.5,6
718,753,Sarah Wipauer,Valerie Katrin Fritsch Valerie Katrin G.,,1,,0.0,0
719,754,Katharina Schultens,Katharina Schultens,,3,3,3.0,3
720,755,Levin Westermann,Levin Westermann,,3,2,4.14,7
721,756,Carolina Schutti,Carolina Schutti,,8,1,3.05,56
722,757,Helga Schubert,Helga Schubert,,20,1,3.7,20
723,758,Katja Schönherr,Katja Schönherr,,3,,4.07,15
724,759,Jasmin Ramadan,Jasmin Ramadan,,6,1,3.25,120
725,760,Jörg Piringer,Jörg Piringer,,2,,4.0,3
726,762,Meral Kureyshi,Meral Kureyshi,,2,9,3.6,101
727,763,Lisa Krusche,Lisa Krusche,,3,,4.67,3
728,764,Leonhard Hieronymi,Leonhard Hieronymi,,3,2,3.2,15
729,765,Hanna Herbst,Hanna Herbst,,3,3,4.32,105
730,766,Lydia Haider,lydia haider,,7,,4.14,14
731,767,Laura Freudenthaler,Laura Freudenthaler,,3,3,3.61,82
